dataset_id,split,split_seed,task_type,policy,delta_mae,delta_failure_rate
moleculeace_CHEMBL1862_Ki,random,20260811,regression,mara_axis,-0.0113028920602401,0.0625
moleculeace_CHEMBL1862_Ki,random,20260811,regression,mismatched_axis,-0.026413090316795,0.03125
moleculeace_CHEMBL1862_Ki,random,20260811,regression,nearest_neighbor,-0.0192659715734934,0.03125
moleculeace_CHEMBL1862_Ki,random,20260811,regression,random_axis,-0.0161161893241032,0.034375
moleculeace_CHEMBL1862_Ki,random,20260811,regression,uncertainty_pool,0.0025718300435687,0.046875
moleculeace_CHEMBL1862_Ki,random,20260812,regression,mara_axis,-0.0152675611801288,0.046875
moleculeace_CHEMBL1862_Ki,random,20260812,regression,mismatched_axis,0.0006818572268825,0.0
moleculeace_CHEMBL1862_Ki,random,20260812,regression,nearest_neighbor,-0.0093776435220395,0.046875
moleculeace_CHEMBL1862_Ki,random,20260812,regression,random_axis,-0.00830083648763553,0.0140625
moleculeace_CHEMBL1862_Ki,random,20260812,regression,uncertainty_pool,-0.0063830776960874,0.0
moleculeace_CHEMBL1862_Ki,random,20260813,regression,mara_axis,0.0379193444046024,0.0
moleculeace_CHEMBL1862_Ki,random,20260813,regression,mismatched_axis,0.0288714835900658,0.03125
moleculeace_CHEMBL1862_Ki,random,20260813,regression,nearest_neighbor,0.0376619764179629,0.0
moleculeace_CHEMBL1862_Ki,random,20260813,regression,random_axis,0.01683122090076983,0.0015625
moleculeace_CHEMBL1862_Ki,random,20260813,regression,uncertainty_pool,0.0078972544702584,-0.015625
moleculeace_CHEMBL1862_Ki,random,20260814,regression,mara_axis,-0.0091102123428153,0.015625
moleculeace_CHEMBL1862_Ki,random,20260814,regression,mismatched_axis,-0.0113989220898996,-0.03125
moleculeace_CHEMBL1862_Ki,random,20260814,regression,nearest_neighbor,-0.0047566137179211,0.015625
moleculeace_CHEMBL1862_Ki,random,20260814,regression,random_axis,-0.01501325484073513,0.0
moleculeace_CHEMBL1862_Ki,random,20260814,regression,uncertainty_pool,0.0010118900749667,0.03125
moleculeace_CHEMBL1862_Ki,random,20260815,regression,mara_axis,0.0014408154744124,0.0
moleculeace_CHEMBL1862_Ki,random,20260815,regression,mismatched_axis,0.0078847952437888,0.015625
moleculeace_CHEMBL1862_Ki,random,20260815,regression,nearest_neighbor,-0.0031505185980736,-0.03125
moleculeace_CHEMBL1862_Ki,random,20260815,regression,random_axis,0.00044528115423011024,-0.0046875
moleculeace_CHEMBL1862_Ki,random,20260815,regression,uncertainty_pool,-0.0056151783491592,0.0
moleculeace_CHEMBL1862_Ki,scaffold,20260811,regression,mara_axis,0.0438625359428637,0.03125
moleculeace_CHEMBL1862_Ki,scaffold,20260811,regression,mismatched_axis,0.0245263976277255,0.015625
moleculeace_CHEMBL1862_Ki,scaffold,20260811,regression,nearest_neighbor,0.0257944251125081,0.015625
moleculeace_CHEMBL1862_Ki,scaffold,20260811,regression,random_axis,0.013061446008273489,0.0203125
moleculeace_CHEMBL1862_Ki,scaffold,20260811,regression,uncertainty_pool,0.0111559864050148,0.0
moleculeace_CHEMBL1862_Ki,scaffold,20260812,regression,mara_axis,0.0260417177143461,-0.046875
moleculeace_CHEMBL1862_Ki,scaffold,20260812,regression,mismatched_axis,0.0385147794346835,0.0
moleculeace_CHEMBL1862_Ki,scaffold,20260812,regression,nearest_neighbor,0.0429423325191385,0.0
moleculeace_CHEMBL1862_Ki,scaffold,20260812,regression,random_axis,0.01208339610200969,-0.015625
moleculeace_CHEMBL1862_Ki,scaffold,20260812,regression,uncertainty_pool,0.0237213523923397,-0.046875
moleculeace_CHEMBL1862_Ki,scaffold,20260813,regression,mara_axis,-0.0027467264595074,0.046875
moleculeace_CHEMBL1862_Ki,scaffold,20260813,regression,mismatched_axis,0.0440997441274868,0.03125
moleculeace_CHEMBL1862_Ki,scaffold,20260813,regression,nearest_neighbor,0.021912419421283,0.046875
moleculeace_CHEMBL1862_Ki,scaffold,20260813,regression,random_axis,0.02008868064626959,0.0359375
moleculeace_CHEMBL1862_Ki,scaffold,20260813,regression,uncertainty_pool,0.0264727077732928,0.015625
moleculeace_CHEMBL1862_Ki,scaffold,20260814,regression,mara_axis,0.0244493158464024,0.046875
moleculeace_CHEMBL1862_Ki,scaffold,20260814,regression,mismatched_axis,0.0063894593285604,0.03125
moleculeace_CHEMBL1862_Ki,scaffold,20260814,regression,nearest_neighbor,0.0079968054536343,0.03125
moleculeace_CHEMBL1862_Ki,scaffold,20260814,regression,random_axis,0.0013830787543425403,0.0203125
moleculeace_CHEMBL1862_Ki,scaffold,20260814,regression,uncertainty_pool,0.0154581696616493,0.03125
moleculeace_CHEMBL1862_Ki,scaffold,20260815,regression,mara_axis,0.0572846579212826,0.015625
moleculeace_CHEMBL1862_Ki,scaffold,20260815,regression,mismatched_axis,0.048142443734101,0.03125
moleculeace_CHEMBL1862_Ki,scaffold,20260815,regression,nearest_neighbor,0.0601759174587847,0.015625
moleculeace_CHEMBL1862_Ki,scaffold,20260815,regression,random_axis,0.01552558207910767,0.034375
moleculeace_CHEMBL1862_Ki,scaffold,20260815,regression,uncertainty_pool,0.0349922252257426,0.03125
moleculeace_CHEMBL1871_Ki,random,20260811,regression,mara_axis,0.0390489725533382,0.109375
moleculeace_CHEMBL1871_Ki,random,20260811,regression,mismatched_axis,0.0257973614568416,0.078125
moleculeace_CHEMBL1871_Ki,random,20260811,regression,nearest_neighbor,0.0487013322748997,0.109375
moleculeace_CHEMBL1871_Ki,random,20260811,regression,random_axis,0.04021183318225336,0.1125
moleculeace_CHEMBL1871_Ki,random,20260811,regression,uncertainty_pool,0.0325622331690317,0.0625
moleculeace_CHEMBL1871_Ki,random,20260812,regression,mara_axis,0.0255410585181837,-0.03125
moleculeace_CHEMBL1871_Ki,random,20260812,regression,mismatched_axis,0.0312556589582986,-0.03125
moleculeace_CHEMBL1871_Ki,random,20260812,regression,nearest_neighbor,0.0352271196217016,-0.015625
moleculeace_CHEMBL1871_Ki,random,20260812,regression,random_axis,0.030067642772029717,-0.0328125
moleculeace_CHEMBL1871_Ki,random,20260812,regression,uncertainty_pool,0.0270164864388036,0.0
moleculeace_CHEMBL1871_Ki,random,20260813,regression,mara_axis,0.017639448284785,0.03125
moleculeace_CHEMBL1871_Ki,random,20260813,regression,mismatched_axis,0.0207149195937406,0.046875
moleculeace_CHEMBL1871_Ki,random,20260813,regression,nearest_neighbor,0.0205600626152588,0.046875
moleculeace_CHEMBL1871_Ki,random,20260813,regression,random_axis,0.019038401966423278,0.034375
moleculeace_CHEMBL1871_Ki,random,20260813,regression,uncertainty_pool,0.0200837402436226,0.015625
moleculeace_CHEMBL1871_Ki,random,20260814,regression,mara_axis,0.0217566896509775,-0.015625
moleculeace_CHEMBL1871_Ki,random,20260814,regression,mismatched_axis,0.0096647257577078,0.015625
moleculeace_CHEMBL1871_Ki,random,20260814,regression,nearest_neighbor,0.0160288256217697,-0.015625
moleculeace_CHEMBL1871_Ki,random,20260814,regression,random_axis,0.012252314169325141,-0.00625
moleculeace_CHEMBL1871_Ki,random,20260814,regression,uncertainty_pool,0.0113904619870778,-0.015625
moleculeace_CHEMBL1871_Ki,random,20260815,regression,mara_axis,0.0137990041665039,0.0625
moleculeace_CHEMBL1871_Ki,random,20260815,regression,mismatched_axis,0.0303227882859078,0.078125
moleculeace_CHEMBL1871_Ki,random,20260815,regression,nearest_neighbor,0.0233313893609616,0.015625
moleculeace_CHEMBL1871_Ki,random,20260815,regression,random_axis,0.0213533779317214,0.0359375
moleculeace_CHEMBL1871_Ki,random,20260815,regression,uncertainty_pool,0.0308678799927398,0.0625
moleculeace_CHEMBL1871_Ki,scaffold,20260811,regression,mara_axis,-0.0215857397413967,0.0
moleculeace_CHEMBL1871_Ki,scaffold,20260811,regression,mismatched_axis,-0.0158230679798554,0.0
moleculeace_CHEMBL1871_Ki,scaffold,20260811,regression,nearest_neighbor,-0.0120738194452636,0.015625
moleculeace_CHEMBL1871_Ki,scaffold,20260811,regression,random_axis,-0.01490050786769955,-0.0125
moleculeace_CHEMBL1871_Ki,scaffold,20260811,regression,uncertainty_pool,-0.0554120173900101,-0.015625
moleculeace_CHEMBL1871_Ki,scaffold,20260812,regression,mara_axis,-0.0757598721184791,-0.0625
moleculeace_CHEMBL1871_Ki,scaffold,20260812,regression,mismatched_axis,-0.0603314335800057,-0.046875
moleculeace_CHEMBL1871_Ki,scaffold,20260812,regression,nearest_neighbor,-0.0671463182370083,-0.046875
moleculeace_CHEMBL1871_Ki,scaffold,20260812,regression,random_axis,-0.05026653384016881,-0.065625
moleculeace_CHEMBL1871_Ki,scaffold,20260812,regression,uncertainty_pool,-0.0768353894747155,-0.109375
moleculeace_CHEMBL1871_Ki,scaffold,20260813,regression,mara_axis,-0.0204591063932575,-0.03125
moleculeace_CHEMBL1871_Ki,scaffold,20260813,regression,mismatched_axis,-0.0431647641270587,-0.015625
moleculeace_CHEMBL1871_Ki,scaffold,20260813,regression,nearest_neighbor,-0.0337431136983246,-0.015625
moleculeace_CHEMBL1871_Ki,scaffold,20260813,regression,random_axis,-0.029535858905279877,-0.0109375
moleculeace_CHEMBL1871_Ki,scaffold,20260813,regression,uncertainty_pool,-0.0311041897514232,-0.015625
moleculeace_CHEMBL1871_Ki,scaffold,20260814,regression,mara_axis,-0.0560603032574598,-0.046875
moleculeace_CHEMBL1871_Ki,scaffold,20260814,regression,mismatched_axis,-0.0359772701338308,-0.078125
moleculeace_CHEMBL1871_Ki,scaffold,20260814,regression,nearest_neighbor,-0.0425036530685569,-0.015625
moleculeace_CHEMBL1871_Ki,scaffold,20260814,regression,random_axis,-0.03903721964735865,-0.0625
moleculeace_CHEMBL1871_Ki,scaffold,20260814,regression,uncertainty_pool,-0.0427025692759728,-0.0625
moleculeace_CHEMBL1871_Ki,scaffold,20260815,regression,mara_axis,-0.024951400141838,-0.046875
moleculeace_CHEMBL1871_Ki,scaffold,20260815,regression,mismatched_axis,-0.0485852962114913,-0.046875
moleculeace_CHEMBL1871_Ki,scaffold,20260815,regression,nearest_neighbor,-0.0221111062669261,-0.03125
moleculeace_CHEMBL1871_Ki,scaffold,20260815,regression,random_axis,-0.030864071931234992,-0.0484375
moleculeace_CHEMBL1871_Ki,scaffold,20260815,regression,uncertainty_pool,-0.0702272668703173,-0.125
moleculeace_CHEMBL2034_Ki,random,20260811,regression,mara_axis,0.0164009088184684,0.03125
moleculeace_CHEMBL2034_Ki,random,20260811,regression,mismatched_axis,0.0056548792110815,0.015625
moleculeace_CHEMBL2034_Ki,random,20260811,regression,nearest_neighbor,0.0068882085103709,0.015625
moleculeace_CHEMBL2034_Ki,random,20260811,regression,random_axis,0.00917355931752405,0.00625
moleculeace_CHEMBL2034_Ki,random,20260811,regression,uncertainty_pool,0.0228894892671605,0.03125
moleculeace_CHEMBL2034_Ki,random,20260812,regression,mara_axis,0.0426106990971015,0.015625
moleculeace_CHEMBL2034_Ki,random,20260812,regression,mismatched_axis,0.0559192907389458,0.015625
moleculeace_CHEMBL2034_Ki,random,20260812,regression,nearest_neighbor,0.0434694237435824,0.015625
moleculeace_CHEMBL2034_Ki,random,20260812,regression,random_axis,0.03418174640768129,0.0203125
moleculeace_CHEMBL2034_Ki,random,20260812,regression,uncertainty_pool,0.0318478277162916,0.015625
moleculeace_CHEMBL2034_Ki,random,20260813,regression,mara_axis,0.0271490787795414,-0.015625
moleculeace_CHEMBL2034_Ki,random,20260813,regression,mismatched_axis,0.0280706234900643,0.046875
moleculeace_CHEMBL2034_Ki,random,20260813,regression,nearest_neighbor,0.029621680598493,-0.03125
moleculeace_CHEMBL2034_Ki,random,20260813,regression,random_axis,0.02097340470698223,0.0046875
moleculeace_CHEMBL2034_Ki,random,20260813,regression,uncertainty_pool,0.0037567881166497,0.015625
moleculeace_CHEMBL2034_Ki,random,20260814,regression,mara_axis,0.0114079902019669,-0.015625
moleculeace_CHEMBL2034_Ki,random,20260814,regression,mismatched_axis,-0.0212157169334218,-0.0625
moleculeace_CHEMBL2034_Ki,random,20260814,regression,nearest_neighbor,0.0070753319977944,-0.015625
moleculeace_CHEMBL2034_Ki,random,20260814,regression,random_axis,0.00244137340524807,-0.025
moleculeace_CHEMBL2034_Ki,random,20260814,regression,uncertainty_pool,-0.0136281251161448,-0.046875
moleculeace_CHEMBL2034_Ki,random,20260815,regression,mara_axis,0.0360212671487282,0.0
moleculeace_CHEMBL2034_Ki,random,20260815,regression,mismatched_axis,0.0219037308527239,-0.015625
moleculeace_CHEMBL2034_Ki,random,20260815,regression,nearest_neighbor,0.0290490625615473,0.0
moleculeace_CHEMBL2034_Ki,random,20260815,regression,random_axis,0.019353106369178162,-0.003125
moleculeace_CHEMBL2034_Ki,random,20260815,regression,uncertainty_pool,0.0077609480835827,-0.015625
moleculeace_CHEMBL2034_Ki,scaffold,20260811,regression,mara_axis,-0.0088903283671617,0.03125
moleculeace_CHEMBL2034_Ki,scaffold,20260811,regression,mismatched_axis,0.0083349556251652,0.03125
moleculeace_CHEMBL2034_Ki,scaffold,20260811,regression,nearest_neighbor,0.0301685617806217,0.0
moleculeace_CHEMBL2034_Ki,scaffold,20260811,regression,random_axis,0.01534913185359002,0.034375
moleculeace_CHEMBL2034_Ki,scaffold,20260811,regression,uncertainty_pool,-0.0069349308267011,0.0
moleculeace_CHEMBL2034_Ki,scaffold,20260812,regression,mara_axis,0.0547575194292297,0.03125
moleculeace_CHEMBL2034_Ki,scaffold,20260812,regression,mismatched_axis,0.0467165579711973,0.046875
moleculeace_CHEMBL2034_Ki,scaffold,20260812,regression,nearest_neighbor,0.0549666576728442,0.015625
moleculeace_CHEMBL2034_Ki,scaffold,20260812,regression,random_axis,0.057656399866888516,0.0421875
moleculeace_CHEMBL2034_Ki,scaffold,20260812,regression,uncertainty_pool,0.0288126122261976,0.03125
moleculeace_CHEMBL2034_Ki,scaffold,20260813,regression,mara_axis,0.0346213278729973,0.015625
moleculeace_CHEMBL2034_Ki,scaffold,20260813,regression,mismatched_axis,-0.0044702470957658,0.046875
moleculeace_CHEMBL2034_Ki,scaffold,20260813,regression,nearest_neighbor,0.0025133484746282,0.03125
moleculeace_CHEMBL2034_Ki,scaffold,20260813,regression,random_axis,-0.0019322891889707202,0.0203125
moleculeace_CHEMBL2034_Ki,scaffold,20260813,regression,uncertainty_pool,0.0479402423056578,0.046875
moleculeace_CHEMBL2034_Ki,scaffold,20260814,regression,mara_axis,-0.0174544291728817,0.046875
moleculeace_CHEMBL2034_Ki,scaffold,20260814,regression,mismatched_axis,-0.0443621823543338,0.046875
moleculeace_CHEMBL2034_Ki,scaffold,20260814,regression,nearest_neighbor,-0.0492725235450137,0.0
moleculeace_CHEMBL2034_Ki,scaffold,20260814,regression,random_axis,-0.04192546576843404,0.03125
moleculeace_CHEMBL2034_Ki,scaffold,20260814,regression,uncertainty_pool,-0.0520390786702875,-0.046875
moleculeace_CHEMBL2034_Ki,scaffold,20260815,regression,mara_axis,0.0064411335120005,0.015625
moleculeace_CHEMBL2034_Ki,scaffold,20260815,regression,mismatched_axis,-0.0237012967920692,0.03125
moleculeace_CHEMBL2034_Ki,scaffold,20260815,regression,nearest_neighbor,0.0007141157712079,0.046875
moleculeace_CHEMBL2034_Ki,scaffold,20260815,regression,random_axis,-0.0008897536567674802,0.0296875
moleculeace_CHEMBL2034_Ki,scaffold,20260815,regression,uncertainty_pool,-0.0162935343817436,0.03125
