ablation,method,case_n,dataset_n,seed_n,failure_auroc_mean,failure_auroc_std,failure_auroc_n,failure_auroc_formatted,failure_auprc_mean,failure_auprc_std,failure_auprc_n,failure_auprc_formatted,risk_ece_10bin_mean,risk_ece_10bin_std,risk_ece_10bin_n,risk_ece_10bin_formatted,risk_nll_mean,risk_nll_std,risk_nll_n,risk_nll_formatted,risk_brier_mean,risk_brier_std,risk_brier_n,risk_brier_formatted,risk_coverage_auc_mean,risk_coverage_auc_std,risk_coverage_auc_n,risk_coverage_auc_formatted,selective_risk_at_80_mean,selective_risk_at_80_std,selective_risk_at_80_n,selective_risk_at_80_formatted,delta_vs_full_failure_auroc,improvement_vs_full_failure_auroc,delta_vs_full_failure_auprc,improvement_vs_full_failure_auprc,delta_vs_full_risk_ece_10bin,improvement_vs_full_risk_ece_10bin,delta_vs_full_risk_nll,improvement_vs_full_risk_nll,delta_vs_full_risk_brier,improvement_vs_full_risk_brier,delta_vs_full_risk_coverage_auc,improvement_vs_full_risk_coverage_auc,delta_vs_full_selective_risk_at_80,improvement_vs_full_selective_risk_at_80
full,risk_mara,75,5,5,0.6090832300051326,0.07340980107465615,75,0.6091 +/- 0.0734,0.3060562088196366,0.08769178832111281,75,0.3061 +/- 0.0877,0.2749334707285367,0.035879390835458096,75,0.2749 +/- 0.0359,0.6720412789785237,0.041187800943097264,75,0.6720 +/- 0.0412,0.2388022069310164,0.01860772514416005,75,0.2388 +/- 0.0186,0.16261054782633236,0.03535553555163903,75,0.1626 +/- 0.0354,0.18417024259776688,0.02718913335906782,75,0.1842 +/- 0.0272,0.0,0.0,0.0,0.0,0.0,-0.0,0.0,-0.0,0.0,-0.0,0.0,-0.0,0.0,-0.0
full,risk_mara_rank_fusion,75,5,5,0.6274861035422439,0.07872466713498553,75,0.6275 +/- 0.0787,0.31443202412388266,0.09028050466337917,75,0.3144 +/- 0.0903,0.03948511580179936,0.023792185441269164,75,0.0395 +/- 0.0238,0.49480520184473403,0.0382163646471199,75,0.4948 +/- 0.0382,0.1596293556943471,0.015120093919253218,75,0.1596 +/- 0.0151,0.1526617411876548,0.03728011666324409,75,0.1527 +/- 0.0373,0.1820322717298116,0.02819620375846949,75,0.1820 +/- 0.0282,0.0,0.0,0.0,0.0,0.0,-0.0,0.0,-0.0,0.0,-0.0,0.0,-0.0,0.0,-0.0
noA1,risk_mara,75,5,5,0.5616718407683845,0.05128043038517309,75,0.5617 +/- 0.0513,0.2549907991588416,0.04508167099665838,75,0.2550 +/- 0.0451,0.2832482837982559,0.033892586586351726,75,0.2832 +/- 0.0339,0.683651163910537,0.02286998911103613,75,0.6837 +/- 0.0229,0.24536434492823142,0.010823857811795663,75,0.2454 +/- 0.0108,0.18396184716672995,0.037170230831736324,75,0.1840 +/- 0.0372,0.1961144366096001,0.03025508615395617,75,0.1961 +/- 0.0303,-0.04741138923674815,-0.04741138923674815,-0.05106540966079498,-0.05106540966079498,0.008314813069719207,-0.008314813069719207,0.011609884932013315,-0.011609884932013315,0.0065621379972150284,-0.0065621379972150284,0.02135129934039759,-0.02135129934039759,0.01194419401183322,-0.01194419401183322
noA1,risk_mara_rank_fusion,75,5,5,0.5981831100005527,0.06726608231221516,75,0.5982 +/- 0.0673,0.2892591975908224,0.0680783134349586,75,0.2893 +/- 0.0681,0.035939209058368296,0.02039810452869505,75,0.0359 +/- 0.0204,0.502807711242338,0.04071012770985691,75,0.5028 +/- 0.0407,0.16217558279496036,0.01653564698711939,75,0.1622 +/- 0.0165,0.16615576148948988,0.03984229990165137,75,0.1662 +/- 0.0398,0.18930823417255876,0.02801749646734573,75,0.1893 +/- 0.0280,-0.02930299354169119,-0.02930299354169119,-0.025172826533060244,-0.025172826533060244,-0.003545906743431061,0.003545906743431061,0.008002509397603996,-0.008002509397603996,0.002546227100613252,-0.002546227100613252,0.01349402030183508,-0.01349402030183508,0.007275962442747169,-0.007275962442747169
noA2,risk_mara,75,5,5,0.6067336146027099,0.07629668890848733,75,0.6067 +/- 0.0763,0.3014052575393003,0.09042755242376402,75,0.3014 +/- 0.0904,0.2745176212177831,0.035796910798188995,75,0.2745 +/- 0.0358,0.671417552183411,0.04016369735092234,75,0.6714 +/- 0.0402,0.23853593539967974,0.01806652070484525,75,0.2385 +/- 0.0181,0.16320066922416301,0.036119180155771945,75,0.1632 +/- 0.0361,0.18608449365313753,0.028575043262332102,75,0.1861 +/- 0.0286,-0.0023496154024227334,-0.0023496154024227334,-0.0046509512803362685,-0.0046509512803362685,-0.00041584951075357424,0.00041584951075357424,-0.000623726795112689,0.000623726795112689,-0.0002662715313366537,0.0002662715313366537,0.0005901213978306563,-0.0005901213978306563,0.0019142510553706582,-0.0019142510553706582
noA2,risk_mara_rank_fusion,75,5,5,0.622111608600324,0.08340520519323126,75,0.6221 +/- 0.0834,0.31088144276353596,0.09232434632586914,75,0.3109 +/- 0.0923,0.04203286581107576,0.023332371594914383,75,0.0420 +/- 0.0233,0.49624125824234644,0.03875826390168892,75,0.4962 +/- 0.0388,0.16006561496097949,0.015236219827594252,75,0.1601 +/- 0.0152,0.15486751739486745,0.03901202164364121,75,0.1549 +/- 0.0390,0.1835043026395233,0.02870339664265962,75,0.1835 +/- 0.0287,-0.005374494941919883,-0.005374494941919883,-0.003550581360346694,-0.003550581360346694,0.0025477500092764005,-0.0025477500092764005,0.0014360563976124063,-0.0014360563976124063,0.00043625926663237724,-0.00043625926663237724,0.0022057762072126563,-0.0022057762072126563,0.001472030909711708,-0.001472030909711708
noA3,risk_mara,75,5,5,0.6095504151201738,0.07256073143489204,75,0.6096 +/- 0.0726,0.3061744478163326,0.08723302217377696,75,0.3062 +/- 0.0872,0.27518015100912346,0.03610897148919135,75,0.2752 +/- 0.0361,0.6722442078980886,0.04131418965352791,75,0.6722 +/- 0.0413,0.2389034976193472,0.01868029045854248,75,0.2389 +/- 0.0187,0.16228977161198013,0.035037817829857064,75,0.1623 +/- 0.0350,0.18434560239135017,0.027457646972852676,75,0.1843 +/- 0.0275,0.0004671851150411799,0.0004671851150411799,0.00011823899669599625,0.00011823899669599625,0.00024668028058677516,-0.00024668028058677516,0.0002029289195648598,-0.0002029289195648598,0.0001012906883308129,-0.0001012906883308129,-0.00032077621435222525,0.00032077621435222525,0.00017535979358329623,-0.00017535979358329623
noA3,risk_mara_rank_fusion,75,5,5,0.6278162956882993,0.07811848796980458,75,0.6278 +/- 0.0781,0.3142090482186815,0.09031321509213763,75,0.3142 +/- 0.0903,0.03912824727756704,0.023897386413036736,75,0.0391 +/- 0.0239,0.4946925340784222,0.03816795333157438,75,0.4947 +/- 0.0382,0.15960119469632908,0.015121062696769933,75,0.1596 +/- 0.0151,0.1524639964787296,0.03704785660971076,75,0.1525 +/- 0.0370,0.18214927790107294,0.028432240482772025,75,0.1821 +/- 0.0284,0.00033019214605545244,0.00033019214605545244,-0.0002229759052011504,-0.0002229759052011504,-0.0003568685242323205,0.0003568685242323205,-0.00011266776631185804,0.00011266776631185804,-2.8160998018028627e-05,2.8160998018028627e-05,-0.00019774470892519602,0.00019774470892519602,0.00011700617126134127,-0.00011700617126134127
noA4,risk_mara,75,5,5,0.6106664170147742,0.07301271775142505,75,0.6107 +/- 0.0730,0.3079698955539952,0.08980194370132288,75,0.3080 +/- 0.0898,0.27507079560989783,0.035799158219594084,75,0.2751 +/- 0.0358,0.6713159170572571,0.04125473186108926,75,0.6713 +/- 0.0413,0.23855465614500962,0.018732758209829167,75,0.2386 +/- 0.0187,0.16182728022816154,0.03485959737696389,75,0.1618 +/- 0.0349,0.18411991768350852,0.027034631752587072,75,0.1841 +/- 0.0270,0.0015831870096415512,0.0015831870096415512,0.0019136867343585995,0.0019136867343585995,0.00013732488136114496,-0.00013732488136114496,-0.0007253619212665985,0.0007253619212665985,-0.0002475507860067727,0.0002475507860067727,-0.0007832675981708226,0.0007832675981708226,-5.032491425835395e-05,5.032491425835395e-05
noA4,risk_mara_rank_fusion,75,5,5,0.6279548293396855,0.07649873980134066,75,0.6280 +/- 0.0765,0.3167704571838944,0.09189382837638023,75,0.3168 +/- 0.0919,0.037621416188816564,0.024285312684885492,75,0.0376 +/- 0.0243,0.49463787132276443,0.03733181754453597,75,0.4946 +/- 0.0373,0.15958448958910176,0.014884919942005867,75,0.1596 +/- 0.0149,0.15255512908425697,0.03519704958745886,75,0.1526 +/- 0.0352,0.181269522592551,0.027107253234307016,75,0.1813 +/- 0.0271,0.0004687257974416159,0.0004687257974416159,0.0023384330600117464,0.0023384330600117464,-0.001863699612982793,0.001863699612982793,-0.00016733052196959974,0.00016733052196959974,-4.4866105245344734e-05,4.4866105245344734e-05,-0.00010661210339782401,0.00010661210339782401,-0.0007627491372605988,0.0007627491372605988
noA5,risk_mara,75,5,5,0.6054379119666877,0.07284196751836046,75,0.6054 +/- 0.0728,0.3017217053047779,0.0880975723802968,75,0.3017 +/- 0.0881,0.27875367322620687,0.030180668308781418,75,0.2788 +/- 0.0302,0.6770853131021648,0.03684658310884229,75,0.6771 +/- 0.0368,0.2409242244406414,0.01666590980545694,75,0.2409 +/- 0.0167,0.16338463514919305,0.03545194304810262,75,0.1634 +/- 0.0355,0.18629586141640744,0.02934112812873496,75,0.1863 +/- 0.0293,-0.0036453180384449224,-0.0036453180384449224,-0.004334503514858701,-0.004334503514858701,0.0038202024976701776,-0.0038202024976701776,0.005044034123641072,-0.005044034123641072,0.0021220175096250127,-0.0021220175096250127,0.0007740873228606893,-0.0007740873228606893,0.002125618818640568,-0.002125618818640568
noA5,risk_mara_rank_fusion,75,5,5,0.6276978932749767,0.08105543839709976,75,0.6277 +/- 0.0811,0.3143900498050673,0.09271159981294982,75,0.3144 +/- 0.0927,0.042670201001217815,0.028325366234886087,75,0.0427 +/- 0.0283,0.49432972084696963,0.03845151715996339,75,0.4943 +/- 0.0385,0.15944638128839717,0.015162041209264163,75,0.1594 +/- 0.0152,0.1525862190326641,0.038654061080696925,75,0.1526 +/- 0.0387,0.18389844609665112,0.02601604715344257,75,0.1839 +/- 0.0260,0.00021178973273283663,0.00021178973273283663,-4.1974318815363176e-05,-4.1974318815363176e-05,0.003185085199418458,-0.003185085199418458,-0.0004754809977643992,0.0004754809977643992,-0.00018297440594994274,0.00018297440594994274,-7.552215499070924e-05,7.552215499070924e-05,0.0018661743668395292,-0.0018661743668395292
onlyA1,risk_mara,75,5,5,0.6052973013946833,0.0739785056192114,75,0.6053 +/- 0.0740,0.2996494904775522,0.09282480533092397,75,0.2996 +/- 0.0928,0.27869262721995913,0.03014004971288413,75,0.2787 +/- 0.0301,0.6757820993942774,0.03589689026593467,75,0.6758 +/- 0.0359,0.24043027965894406,0.01623808822379279,75,0.2404 +/- 0.0162,0.16332566888388447,0.03590474625861756,75,0.1633 +/- 0.0359,0.18635118194113437,0.030079200346302612,75,0.1864 +/- 0.0301,-0.0037859286104493517,-0.0037859286104493517,-0.006406718342084394,-0.006406718342084394,0.003759156491422444,-0.003759156491422444,0.0037408204157536318,-0.0037408204157536318,0.0016280727279276708,-0.0016280727279276708,0.000715121057552115,-0.000715121057552115,0.002180939343367494,-0.002180939343367494
onlyA1,risk_mara_rank_fusion,75,5,5,0.6238987528153873,0.08282889854068744,75,0.6239 +/- 0.0828,0.3107180161240995,0.09479020840834455,75,0.3107 +/- 0.0948,0.04613857806851856,0.026130988735146892,75,0.0461 +/- 0.0261,0.4959931762238251,0.038596752122643886,75,0.4960 +/- 0.0386,0.15988908233879293,0.015159572506842106,75,0.1599 +/- 0.0152,0.15397508100399027,0.03830157226424646,75,0.1540 +/- 0.0383,0.18407588787696733,0.027112146021030653,75,0.1841 +/- 0.0271,-0.003587350726856564,-0.003587350726856564,-0.0037140079997831643,-0.0037140079997831643,0.006653462266719201,-0.006653462266719201,0.0011879743790910724,-0.0011879743790910724,0.00025972664444581794,-0.00025972664444581794,0.0013133398163354681,-0.0013133398163354681,0.00204361614715573,-0.00204361614715573
onlyA2,risk_mara,45,2,5,0.5378707342625441,0.032764367301924786,45,0.5379 +/- 0.0328,0.22984978392804148,0.027100120808068787,45,0.2298 +/- 0.0271,0.2979117608014705,0.017292314823144386,45,0.2979 +/- 0.0173,0.6946990345044778,0.012850607403240007,45,0.6947 +/- 0.0129,0.2507069189656912,0.00639690307215871,45,0.2507 +/- 0.0064,0.18954793750644355,0.02192446497381102,45,0.1895 +/- 0.0219,0.1960134361307163,0.01533184942842468,45,0.1960 +/- 0.0153,-0.07121249574258859,-0.07121249574258859,-0.0762064248915951,-0.0762064248915951,0.022978290072933838,-0.022978290072933838,0.02265775552595406,-0.02265775552595406,0.011904712034674803,-0.011904712034674803,0.026937389680111196,-0.026937389680111196,0.011843193532949436,-0.011843193532949436
onlyA2,risk_mara_rank_fusion,45,2,5,0.5601897537286484,0.042174231915156186,45,0.5602 +/- 0.0422,0.24924815213025756,0.036965073750275565,45,0.2492 +/- 0.0370,0.02296936305491687,0.00879873942716495,45,0.0230 +/- 0.0088,0.5041102074567357,0.023468140641526535,45,0.5041 +/- 0.0235,0.16184951337360903,0.009733717809500247,45,0.1618 +/- 0.0097,0.17937309919545005,0.024599557549239138,45,0.1794 +/- 0.0246,0.1912805013557132,0.016397092309825816,45,0.1913 +/- 0.0164,-0.06729634981359545,-0.06729634981359545,-0.0651838719936251,-0.0651838719936251,-0.016515752746882488,0.016515752746882488,0.009305005612001704,-0.009305005612001704,0.002220157679261925,-0.002220157679261925,0.026711358007795255,-0.026711358007795255,0.009248229625901605,-0.009248229625901605
onlyA3,risk_mara,25,1,5,0.49840475927644284,0.008241654925289998,25,0.4984 +/- 0.0082,0.20483935820146648,0.016348195826661218,25,0.2048 +/- 0.0163,0.2947643488500664,0.015086192811061572,25,0.2948 +/- 0.0151,0.693198794231702,0.0007148392180705126,25,0.6932 +/- 0.0007,0.25002388708244644,0.00035582806353409073,25,0.2500 +/- 0.0004,0.20623335445930469,0.012902772967290914,25,0.2062 +/- 0.0129,0.20489275220950032,0.013315475217944852,25,0.2049 +/- 0.0133,-0.1106784707286898,-0.1106784707286898,-0.1012168506181701,-0.1012168506181701,0.019830878121529727,-0.019830878121529727,0.021157515253178327,-0.021157515253178327,0.011221680151430047,-0.011221680151430047,0.04362280663297233,-0.04362280663297233,0.020722509611733442,-0.020722509611733442
onlyA3,risk_mara_rank_fusion,25,1,5,0.5213307305904328,0.021312620376718647,25,0.5213 +/- 0.0213,0.2235581400456588,0.019910555899871694,25,0.2236 +/- 0.0199,0.028816324203481312,0.012377968333157368,25,0.0288 +/- 0.0124,0.5108038252340243,0.022538848844035904,25,0.5108 +/- 0.0225,0.16410946943282265,0.00945961730079002,25,0.1641 +/- 0.0095,0.19630760114839635,0.018109433500429595,25,0.1963 +/- 0.0181,0.19934744319410952,0.016319014115383505,25,0.1993 +/- 0.0163,-0.1061553729518111,-0.1061553729518111,-0.09087388407822386,-0.09087388407822386,-0.010668791598318045,0.010668791598318045,0.015998623389290312,-0.015998623389290312,0.0044801137384755385,-0.0044801137384755385,0.04364585996074155,-0.04364585996074155,0.017315171464297924,-0.017315171464297924
onlyA4,risk_mara,75,5,5,0.49501241156533005,0.019248821949218117,75,0.4950 +/- 0.0192,0.20861932602719635,0.028152280798115593,75,0.2086 +/- 0.0282,0.2911348967275369,0.026581377921562274,75,0.2911 +/- 0.0266,0.6943921617768398,0.008491435514138102,75,0.6944 +/- 0.0085,0.25055716332058753,0.003738126890341722,75,0.2506 +/- 0.0037,0.21580482794448486,0.03583822476649963,75,0.2158 +/- 0.0358,0.21585071586436594,0.029391665018949516,75,0.2159 +/- 0.0294,-0.1140708184398026,-0.1140708184398026,-0.09743688279244023,-0.09743688279244023,0.016201425999000207,-0.016201425999000207,0.022350882798316096,-0.022350882798316096,0.011754956389571136,-0.011754956389571136,0.0531942801181525,-0.0531942801181525,0.03168047326659906,-0.03168047326659906
onlyA4,risk_mara_rank_fusion,75,5,5,0.5822001633191992,0.07364168182911092,75,0.5822 +/- 0.0736,0.26942502536699714,0.07097520635144595,75,0.2694 +/- 0.0710,0.03685355894879621,0.023355786799713455,75,0.0369 +/- 0.0234,0.505567132696668,0.039485844171414965,75,0.5056 +/- 0.0395,0.16314587517578025,0.01627175412836641,75,0.1631 +/- 0.0163,0.17152304279432035,0.04197105579711619,75,0.1715 +/- 0.0420,0.19540828764181117,0.028557417742499102,75,0.1954 +/- 0.0286,-0.04528594022304466,-0.04528594022304466,-0.04500699875688552,-0.04500699875688552,-0.0026315568530031475,0.0026315568530031475,0.010761930851933943,-0.010761930851933943,0.003516519481433139,-0.003516519481433139,0.018861301606665548,-0.018861301606665548,0.013376015911999578,-0.013376015911999578
onlyA5,risk_mara,75,5,5,0.5546284788857662,0.05079001084934783,75,0.5546 +/- 0.0508,0.24777892212973954,0.0509730233482448,75,0.2478 +/- 0.0510,0.2814284000148138,0.03351428579810623,75,0.2814 +/- 0.0335,0.6815922537089288,0.019254566580648745,75,0.6816 +/- 0.0193,0.24444560424645806,0.00912020392483101,75,0.2444 +/- 0.0091,0.18655351439426518,0.03232666111129629,75,0.1866 +/- 0.0323,0.19910776743318176,0.029437861987962003,75,0.1991 +/- 0.0294,-0.054454751119366485,-0.054454751119366485,-0.05827728668989704,-0.05827728668989704,0.006494929286277096,-0.006494929286277096,0.009550974730405115,-0.009550974730405115,0.005643397315441667,-0.005643397315441667,0.023942966567932822,-0.023942966567932822,0.014937524835414884,-0.014937524835414884
onlyA5,risk_mara_rank_fusion,75,5,5,0.5661017109075206,0.05255419257280683,75,0.5661 +/- 0.0526,0.26947623177082136,0.06822987931564688,75,0.2695 +/- 0.0682,0.03900457849635594,0.0136427742366788,75,0.0390 +/- 0.0136,0.5093600000537806,0.037187418878485375,75,0.5094 +/- 0.0372,0.16415564198466862,0.015575915556089243,75,0.1642 +/- 0.0156,0.17978018068837648,0.03302301268158957,75,0.1798 +/- 0.0330,0.1942469101239575,0.025252063840888784,75,0.1942 +/- 0.0253,-0.061384392634723284,-0.061384392634723284,-0.0449557923530613,-0.0449557923530613,-0.0004805373054434167,0.0004805373054434167,0.014554798209046538,-0.014554798209046538,0.004526286290321507,-0.004526286290321507,0.02711843950072168,-0.02711843950072168,0.01221463839414591,-0.01221463839414591
