method,n,seed_n,dataset_n,failure_auroc_mean,failure_auroc_std,failure_auprc_mean,failure_auprc_std,risk_ece_10bin_mean,risk_ece_10bin_std,risk_nll_mean,risk_nll_std,risk_brier_mean,risk_brier_std,risk_coverage_auc_mean,risk_coverage_auc_std,selective_risk_at_80_mean,selective_risk_at_80_std,selective_risk_at_90_mean,selective_risk_at_90_std,worst_slice_risk_mean,worst_slice_risk_std,coverage_gap_worst_minus_overall_mean,coverage_gap_worst_minus_overall_std,route_group,paper_role,result_source
risk_applicability_domain,680,10,32,0.6352871321059479,0.08176458025816828,0.31708844406930364,0.09789701606410219,0.3326189568252454,0.15516126292775298,2.105490176501253,1.97835087580112,0.3102583446227927,0.13452849629493407,0.14913462950792594,0.048819317922324,0.17186905383244366,0.044598539969976335,0.18532778044747325,0.04225452021691724,0.28131556754969,0.09385031018238739,0.07794780483671068,0.07466863005752072,Classic methods,classic-2,rerun_same_protocol
risk_calibrated_ad,680,10,32,0.6344810970685113,0.0828090313574641,0.3164512806543497,0.09897147141958038,0.04525636498941726,0.026992433892377606,0.48507981321545207,0.05597935050165824,0.1552785857817846,0.023212077515102902,0.14936068278824283,0.04880449020407275,0.1722286663926091,0.04427507933061336,0.18552819203643367,0.04198973982554392,0.28131556754969,0.09385031018238739,0.07794780483671068,0.07466863005752072,Direct mechanism competitors,direct-2,rerun_same_protocol
risk_calibrated_tanimoto,680,10,32,0.6358851084917917,0.0804722285963139,0.32736020742522776,0.09630402844466054,0.04816725656083786,0.028921433820218514,0.48534914962898373,0.05587607849285139,0.15525700674946377,0.023230302332592056,0.15000920103020848,0.04781160916427735,0.16998521535803154,0.04463346108521082,0.1843859367961862,0.041809604843251566,0.28131556754969,0.09385031018238739,0.07794780483671068,0.07466863005752072,Direct mechanism competitors,direct-1,rerun_same_protocol
risk_conformal_uq,680,10,32,0.5822820841244053,0.0614542633083883,0.2613512786025669,0.06667662978891464,0.3381385183922664,0.038355980625889616,2.074847480406587,0.8107176537258252,0.32552588183590414,0.03280834370110081,0.17007066973755325,0.04127936882048793,0.18557830947166604,0.04407199808319401,0.19370826461058657,0.042219916035920284,0.28131556754969,0.09385031018238739,0.07794780483671068,0.07466863005752072,Recent same-task OOD/UQ,recent-5,rerun_same_protocol
risk_ensemble_variance,680,10,32,0.5822793761775835,0.06136908033439356,0.2617175890231119,0.06689128600396312,0.33919207669547924,0.08646103272720841,2.1079599063202124,0.914217170413994,0.32898675714697856,0.0656907445336418,0.17006750888972602,0.04129956982851356,0.18559187228676008,0.04408387879785983,0.1934577484876587,0.04216090126871376,0.28131556754969,0.09385031018238739,0.07794780483671068,0.07466863005752072,Recent same-task OOD/UQ,recent-3,rerun_same_protocol
risk_isotonic_uq,680,10,32,0.5737995334905818,0.05583587726460909,0.24576593684275364,0.052895463132129415,0.04822207600731824,0.027016879264380338,0.5326028186111671,0.09709572805353699,0.16131017767791014,0.023015569459704007,0.17335666783971826,0.04494044928121249,0.18595438358257982,0.042646005654142505,0.19489598826638607,0.04155680784472481,0.28131556754969,0.09385031018238739,0.07794780483671068,0.07466863005752072,Recent same-task OOD/UQ,recent-4,rerun_same_protocol
risk_knn_tanimoto,680,10,32,0.6361120744476476,0.08012293173771037,0.3275774747727125,0.09603334900408023,0.2680609884273633,0.136384847854311,1.075078316266119,0.6380809166987328,0.26282076683023226,0.10696036175000684,0.14988745201974435,0.04769286090426221,0.16988187626138307,0.04457322116815523,0.1843187082829876,0.041788580199148,0.28131556754969,0.09385031018238739,0.07794780483671068,0.07466863005752072,Classic methods,classic-1,rerun_same_protocol
risk_mahalanobis,680,10,32,0.4216939309343393,0.08482965214919785,0.18724889223475863,0.06058287623393706,0.27556658515164034,0.07677776250732278,0.9048223003878733,0.214286205845882,0.272897049348671,0.0474884613831608,0.2389590439727442,0.05695828709509295,0.21574092051904786,0.04451899963462225,0.2096754675214918,0.04045232510129248,0.28131556754969,0.09385031018238739,0.07794780483671068,0.07466863005752072,Recent same-task OOD/UQ,recent-1,rerun_same_protocol
risk_mara,680,10,32,0.670375620600568,0.0744321494898076,0.34802482959736325,0.08999518304389603,0.05016868350983255,0.028728645168908554,0.4739411229792613,0.05816320829736432,0.15213299122652807,0.02277474048092741,0.13218831460927524,0.04437396011056956,0.16589244434851338,0.04213627864908028,0.18282856312394052,0.04002322110145556,0.28131556754969,0.09385031018238739,0.07794780483671068,0.07466863005752072,Proposed,main,ours_rerun_same_protocol
risk_mara_ad_guard,680,10,32,0.6378964184754934,0.08358444742850095,0.3182123504293378,0.10139018530998159,0.044848545403249854,0.0258920721207757,0.4837506157218239,0.05684937576209287,0.154840946905959,0.02338004547774587,0.14756358256329724,0.04872408112764266,0.1720328567830569,0.044080790217999974,0.18530588356912117,0.04203279623680411,0.28131556754969,0.09385031018238739,0.07794780483671068,0.07466863005752072,Proposed,ood-guard-variant,ours_rerun_same_protocol
risk_mara_ad_guard_isotonic,680,10,32,0.6304534432330045,0.0780022280044888,0.29467699126327185,0.08644762306427091,0.04748958871240871,0.02575899890200885,0.5134208849318941,0.0854343200503996,0.15584729216569324,0.023467329081816864,0.15108457135364797,0.048272023506550826,0.1746180150934609,0.042357595330290446,0.1862564545134528,0.04196622666039784,0.28131556754969,0.09385031018238739,0.07794780483671068,0.07466863005752072,Proposed,ood-guard-calibrated-variant,ours_rerun_same_protocol
risk_mara_ad_guard_rate,680,10,32,0.6386838449731825,0.08252903198346817,0.31844244991918186,0.10017685594939289,0.08829092247597327,0.03684808314581331,0.545246929277384,0.10808494540872383,0.1643061537802334,0.026365409583849288,0.1473270289455834,0.048739169117815964,0.17167324422289149,0.044404078026292745,0.18510547198016072,0.04229625219817417,0.28131556754969,0.09385031018238739,0.07794780483671068,0.07466863005752072,Proposed,ood-guard-rate-matched-variant,ours_rerun_same_protocol
risk_mara_dual_blend_rate,680,10,32,0.6729218428137923,0.07453692787467359,0.35025139078649925,0.09038340782852813,0.06597955147764727,0.03199216120984742,0.48890180587674803,0.06695095911644383,0.15502007052050343,0.023232454629305087,0.1307633803212107,0.04427867715331387,0.16589286324265734,0.042952853387821545,0.18253807524031268,0.039999676926160924,0.28131556754969,0.09385031018238739,0.07794780483671068,0.07466863005752072,Proposed,dual-head-blend-variant,ours_rerun_same_protocol
risk_mara_dual_guard_rate,680,10,32,0.6712997910452959,0.07464308437832906,0.3503541631549327,0.09259513421651909,0.055086053733081106,0.027794141523108048,0.47458794208581484,0.060403252522871514,0.15244229414584706,0.022862616358316025,0.1314291001457454,0.04422450945927227,0.16682571893223008,0.04273029882192544,0.18221019012605713,0.039860578447120466,0.28131556754969,0.09385031018238739,0.07794780483671068,0.07466863005752072,Proposed,dual-head-guard-variant,ours_rerun_same_protocol
risk_mara_isotonic,680,10,32,0.6641460376358073,0.07087117963677009,0.3174262903290704,0.07534911496237205,0.058349160238190374,0.03242061406579484,0.5357436679354192,0.12170106157058784,0.155938554889634,0.023416301768276127,0.13418848769224082,0.04437637428698613,0.1686351555053346,0.041405013911270376,0.18353482677768587,0.039311846212932454,0.28131556754969,0.09385031018238739,0.07794780483671068,0.07466863005752072,Proposed,calibrated-variant,ours_rerun_same_protocol
risk_mara_rank_fusion,680,10,32,0.6887940019134262,0.07233289265369151,0.3666687594918164,0.09245416921446575,0.05044962252921679,0.02646743564581812,0.4709782785811408,0.054042476472190765,0.1514751460929691,0.022148663021827702,0.12478201799589578,0.04284729390523237,0.16289399930221746,0.04150945035305089,0.18065440774608377,0.03959100844791352,0.28131556754969,0.09385031018238739,0.07794780483671068,0.07466863005752072,Proposed,rank-fusion-main,ours_rerun_same_protocol
risk_rf_error_predictor,680,10,32,0.6510806888503987,0.06938721546832118,0.33444362572195135,0.08422568384363566,0.15178115921611968,0.0404866484914084,0.5431372838058559,0.04968870313449572,0.18207788895927418,0.020226149973322043,0.14075637247070802,0.04637894942789293,0.17151982479221237,0.04192523274483851,0.18483721737842912,0.040033754429715504,0.28131556754969,0.09385031018238739,0.07794780483671068,0.07466863005752072,Direct mechanism competitors,direct-4,rerun_same_protocol
risk_scalar_full,680,10,32,0.6712975095243118,0.07464664589243804,0.3503538802057665,0.09259576442292447,0.26443054586053677,0.040895457775452206,0.6392387647368204,0.042946040774754356,0.22420511617211628,0.019869023285149195,0.13143193549591334,0.04422578497832766,0.16682571893223008,0.04273029882192544,0.18221019012605713,0.039860578447120466,0.28131556754969,0.09385031018238739,0.07794780483671068,0.07466863005752072,Strong scalar control,control-1,rerun_same_protocol
risk_uncertainty_only,680,10,32,0.5793183992829402,0.06507778742240436,0.26059865326079784,0.06757939908119005,0.28764410985157524,0.039117824737740316,0.6791417273775516,0.02040901490742964,0.24314459299884256,0.009789666941823344,0.17100625986418497,0.04280250712805917,0.18587197867531388,0.04483429580769378,0.19381554653544253,0.04207871065386923,0.28131556754969,0.09385031018238739,0.07794780483671068,0.07466863005752072,Recent same-task OOD/UQ,recent-2,rerun_same_protocol
risk_validation_knn_error,680,10,32,0.6126891682544042,0.06747013371111249,0.2962096960064061,0.07687482696324921,0.07696383090835145,0.028417474699572023,0.6032979534120028,0.12378389361848115,0.16273074176271754,0.02393076568030977,0.15600995362079384,0.04312492371904312,0.1788614459668302,0.03869875492452327,0.19006956701962435,0.037084383758551415,0.28131556754969,0.09385031018238739,0.07794780483671068,0.07466863005752072,Direct mechanism competitors,direct-3,rerun_same_protocol
