suite,split,method,n,seed_n,dataset_n,failure_auroc_mean,failure_auroc_std,failure_auprc_mean,failure_auprc_std,risk_ece_10bin_mean,risk_ece_10bin_std,risk_nll_mean,risk_nll_std,risk_brier_mean,risk_brier_std,risk_coverage_auc_mean,risk_coverage_auc_std,selective_risk_at_80_mean,selective_risk_at_80_std,selective_risk_at_90_mean,selective_risk_at_90_std,worst_slice_risk_mean,worst_slice_risk_std,coverage_gap_worst_minus_overall_mean,coverage_gap_worst_minus_overall_std,route_group,paper_role,result_source
BindingDB10k,random,risk_applicability_domain,10,10,1,0.5726814372315723,0.015254242317320737,0.25177223155933437,0.01587141024309759,0.3568813894714903,0.009822387329498722,1.5142205146240626,0.03377528572807904,0.31956796086584593,0.004481296306047846,0.1727903003130259,0.010934992984487087,0.17762413576367062,0.010794232046486303,0.1855307262569832,0.010708687503936639,0.24083405743395522,0.01573024169122912,0.04274456522681596,0.009402027486251208,Classic methods,classic-2,rerun_same_protocol
BindingDB10k,random,risk_calibrated_ad,10,10,1,0.5726814372315723,0.015254242317320737,0.25177223155933437,0.01587141024309759,0.01162020849443053,0.005951922000962554,0.49246568486362674,0.015288202867052509,0.157041613460226,0.006591001936867734,0.1727903003130259,0.010934992984487087,0.17762413576367062,0.010794232046486303,0.1855307262569832,0.010708687503936639,0.24083405743395522,0.01573024169122912,0.04274456522681596,0.009402027486251208,Direct mechanism competitors,direct-2,rerun_same_protocol
BindingDB10k,random,risk_calibrated_tanimoto,10,10,1,0.547694631289523,0.0175998185270317,0.24504534543383846,0.017107650280173123,0.0118567426262131,0.0066903668106332755,0.49488442342526995,0.015593831808992263,0.15784297366947814,0.006714496669666278,0.1839960428693237,0.012383834651277513,0.1773098680075424,0.011299857362954992,0.18648044692737425,0.011747499234556378,0.24083405743395522,0.01573024169122912,0.04274456522681596,0.009402027486251208,Direct mechanism competitors,direct-1,rerun_same_protocol
BindingDB10k,random,risk_conformal_uq,10,10,1,0.5438261191956604,0.012423532673582677,0.22822534417596296,0.014130871596625239,0.33333616312059205,0.008273393814129525,1.1266465859389376,0.03699013052479254,0.3204681310196137,0.0038121824729710828,0.18059383550998637,0.012818260960045033,0.18780641106222498,0.012323143615992427,0.19184357541899436,0.011618082236942473,0.24083405743395522,0.01573024169122912,0.04274456522681596,0.009402027486251208,Recent same-task OOD/UQ,recent-5,rerun_same_protocol
BindingDB10k,random,risk_ensemble_variance,10,10,1,0.5438198956434749,0.012419166110834852,0.22829145889314018,0.01413981303624453,0.2029009561168272,0.011345243953747823,0.9111957101001538,0.051535983303807355,0.2316939676151827,0.006260990157468512,0.18061082694714437,0.012838091917287641,0.18780641106222498,0.012383549802904159,0.19189944134078205,0.011677774372523776,0.24083405743395522,0.01573024169122912,0.04274456522681596,0.009402027486251208,Recent same-task OOD/UQ,recent-3,rerun_same_protocol
BindingDB10k,random,risk_isotonic_uq,10,10,1,0.5430906778373724,0.013020495433497686,0.22161815444795363,0.011619674165289804,0.01722823770446,0.008186190003513113,0.4989936487623939,0.018089007205206845,0.15848959516249433,0.006898335971178178,0.1811350071630315,0.014141190824086327,0.18780641106222498,0.011528102092380012,0.1918994413407821,0.013038706678908977,0.24083405743395522,0.01573024169122912,0.04274456522681596,0.009402027486251208,Recent same-task OOD/UQ,recent-4,rerun_same_protocol
BindingDB10k,random,risk_knn_tanimoto,10,10,1,0.547694631289523,0.0175998185270317,0.24504534543383846,0.017107650280173123,0.25531717015014854,0.00767392225551423,1.4334490405580418,0.07407024088706887,0.24479125239310168,0.006758740719378242,0.1839960428693237,0.012383834651277513,0.1773098680075424,0.011299857362954992,0.18648044692737425,0.011747499234556378,0.24083405743395522,0.01573024169122912,0.04274456522681596,0.009402027486251208,Classic methods,classic-1,rerun_same_protocol
BindingDB10k,random,risk_mahalanobis,10,10,1,0.46206155115916764,0.013183258893479207,0.18193075205613143,0.011934323111407625,0.2158424410895284,0.01309375229031153,0.7977547320398971,0.0435345717747895,0.23750357402751243,0.010486629116138844,0.21403123593833917,0.014860502406086815,0.20358265241986168,0.012146086256549398,0.1997765363128491,0.011030120715764844,0.24083405743395522,0.01573024169122912,0.04274456522681596,0.009402027486251208,Recent same-task OOD/UQ,recent-1,rerun_same_protocol
BindingDB10k,random,risk_mara,10,10,1,0.585239942217976,0.013681527503557072,0.25935714833612167,0.019488234594795113,0.011919944918871588,0.005200398646800552,0.49047239654352526,0.015324249139453749,0.1564499466495472,0.006543802393988912,0.16447865122458127,0.010470702754589747,0.17844123192960398,0.01203717985038115,0.1872625698324022,0.011085315568723313,0.24083405743395522,0.01573024169122912,0.04274456522681596,0.009402027486251208,Proposed,main,ours_rerun_same_protocol
BindingDB10k,random,risk_mara_ad_guard,10,10,1,0.572782734869336,0.0152786078866768,0.25178658866691617,0.015875339428378012,0.011352481027969138,0.005759592725436436,0.492288480303228,0.015275262101944112,0.15699323962704242,0.006583771752637602,0.17279046992617705,0.010927817537502488,0.17762413576367062,0.010794232046486303,0.1855307262569832,0.010708687503936639,0.24083405743395522,0.01573024169122912,0.04274456522681596,0.009402027486251208,Proposed,ood-guard-variant,ours_rerun_same_protocol
BindingDB10k,random,risk_mara_ad_guard_isotonic,10,10,1,0.5719166188402872,0.016403779580653838,0.24179259066054862,0.01563728855048704,0.01490507469834923,0.004994359348277284,0.4951189857597392,0.016764070252491336,0.15705673134217085,0.0064904350358077015,0.1721825088791952,0.011404419710419562,0.17668133249528595,0.01130762385575334,0.18530726256983238,0.009934609294026278,0.24083405743395522,0.01573024169122912,0.04274456522681596,0.009402027486251208,Proposed,ood-guard-calibrated-variant,ours_rerun_same_protocol
BindingDB10k,random,risk_mara_ad_guard_rate,10,10,1,0.572782734869336,0.0152786078866768,0.25178658866691617,0.015875339428378012,0.09053954539181847,0.010451564193616751,0.5502534015307601,0.02011953644605596,0.16900207853509816,0.007086568523812307,0.17279046992617705,0.010927817537502488,0.17762413576367062,0.010794232046486303,0.1855307262569832,0.010708687503936639,0.24083405743395522,0.01573024169122912,0.04274456522681596,0.009402027486251208,Proposed,ood-guard-rate-matched-variant,ours_rerun_same_protocol
BindingDB10k,random,risk_mara_dual_blend_rate,10,10,1,0.5837015536939222,0.014582923643420804,0.25674710267125933,0.01993203405689375,0.02659248553104606,0.009087658076901312,0.49438178362217267,0.015004053580273055,0.15785459487422143,0.006314246182349686,0.16485025597006536,0.01066498681364279,0.17900691389063478,0.011910153680626137,0.1873743016759776,0.011603148579214875,0.24083405743395522,0.01573024169122912,0.04274456522681596,0.009402027486251208,Proposed,dual-head-blend-variant,ours_rerun_same_protocol
BindingDB10k,random,risk_mara_dual_guard_rate,10,10,1,0.5818483934591518,0.015572135984715851,0.2536834732500145,0.020058046730407834,0.02305655143631276,0.010054840939101153,0.4932369300918453,0.015204462196921315,0.15737156284873974,0.006408981317276524,0.16553322569430792,0.010915434889918259,0.17894406033940913,0.011777659070452072,0.18810055865921782,0.011659348596016248,0.24083405743395522,0.01573024169122912,0.04274456522681596,0.009402027486251208,Proposed,dual-head-guard-variant,ours_rerun_same_protocol
BindingDB10k,random,risk_mara_isotonic,10,10,1,0.5805069831403074,0.010578473731625007,0.2456282496450705,0.015280357646151292,0.01647445305429142,0.003727663404069302,0.5002914133193581,0.019315311981359093,0.15772916566887024,0.006727862573020197,0.1655014221054129,0.009782110565867613,0.17756128221244497,0.011545033790401043,0.188268156424581,0.011259751551456964,0.24083405743395522,0.01573024169122912,0.04274456522681596,0.009402027486251208,Proposed,calibrated-variant,ours_rerun_same_protocol
BindingDB10k,random,risk_mara_rank_fusion,10,10,1,0.6229383209591358,0.019412610582847153,0.28630235795485837,0.021252376083456686,0.017762700596272468,0.009311343278029753,0.48295652361847674,0.013894716589372693,0.15419691948233613,0.005941268206442416,0.1461704796995555,0.009524237997086345,0.17171590194846006,0.011347730526875719,0.18340782122905025,0.011400694258660861,0.24083405743395522,0.01573024169122912,0.04274456522681596,0.009402027486251208,Proposed,rank-fusion-main,ours_rerun_same_protocol
BindingDB10k,random,risk_rf_error_predictor,10,10,1,0.6176919882954519,0.01548051072378416,0.2800833971090499,0.02090775832623109,0.20099330982928526,0.007851851181421288,0.5812546334214581,0.010620754316535936,0.19658282931553878,0.004840437663721909,0.14865383442742428,0.010306333208921664,0.17347580138277807,0.011180946209198697,0.1845251396648044,0.011045358191565173,0.24083405743395522,0.01573024169122912,0.04274456522681596,0.009402027486251208,Direct mechanism competitors,direct-4,rerun_same_protocol
BindingDB10k,random,risk_scalar_full,10,10,1,0.5818483934591518,0.015572135984715851,0.2536834732500145,0.020058046730407834,0.29183478626226467,0.009971746903229203,0.6806428237528843,0.005455828478143783,0.24355852407484005,0.0027695798913862954,0.16553322569430792,0.010915434889918259,0.17894406033940913,0.011777659070452072,0.18810055865921782,0.011659348596016248,0.24083405743395522,0.01573024169122912,0.04274456522681596,0.009402027486251208,Strong scalar control,control-1,rerun_same_protocol
BindingDB10k,random,risk_uncertainty_only,10,10,1,0.5438198956434749,0.012419166110834852,0.22829145889314018,0.01413981303624453,0.2997360840803385,0.011204412451774582,0.6898356718529748,0.0012471858474845622,0.24830282143963398,0.0006185701919342758,0.18061082694714437,0.012838091917287641,0.18780641106222498,0.012383549802904159,0.19189944134078205,0.011677774372523776,0.24083405743395522,0.01573024169122912,0.04274456522681596,0.009402027486251208,Recent same-task OOD/UQ,recent-2,rerun_same_protocol
BindingDB10k,random,risk_validation_knn_error,10,10,1,0.619650416052124,0.015052158423433626,0.29860943280311986,0.024972009017015198,0.049987780179075014,0.007403049308838367,0.5748538663285574,0.02183605416440361,0.1569177293547669,0.005063420579207531,0.14971948622107306,0.005229022039617099,0.16895034569453174,0.009503619528068613,0.18050279329608934,0.009738598021900182,0.24083405743395522,0.01573024169122912,0.04274456522681596,0.009402027486251208,Direct mechanism competitors,direct-3,rerun_same_protocol
BindingDB10k,scaffold,risk_applicability_domain,10,10,1,0.6220406346628353,0.0,0.26703841657901506,5.851389114294502e-17,0.5572842032303535,0.0,3.972643236064563,0.0,0.4931857593435322,0.0,0.1475453447446659,0.0,0.1797611565053425,0.0,0.1910614525139664,0.0,0.23656664340544306,2.925694557147251e-17,0.0334494991118282,0.0,Classic methods,classic-2,rerun_same_protocol
BindingDB10k,scaffold,risk_calibrated_ad,10,10,1,0.6220406346628353,0.0,0.26703841657901506,5.851389114294502e-17,0.023313805954385803,3.657118196434064e-18,0.4918716783600384,5.851389114294502e-17,0.1579435107585163,0.0,0.1475453447446659,0.0,0.1797611565053425,0.0,0.1910614525139664,0.0,0.23656664340544306,2.925694557147251e-17,0.0334494991118282,0.0,Direct mechanism competitors,direct-2,rerun_same_protocol
BindingDB10k,scaffold,risk_calibrated_tanimoto,10,10,1,0.6206273229846644,0.0,0.2719282106595621,0.0,0.0212365030571757,0.0,0.4928083355714158,1.1702778228589004e-16,0.15808954994915486,2.925694557147251e-17,0.1507571758174462,0.0,0.1772470144563167,0.0,0.1938547486033519,0.0,0.23656664340544306,2.925694557147251e-17,0.0334494991118282,0.0,Direct mechanism competitors,direct-1,rerun_same_protocol
BindingDB10k,scaffold,risk_conformal_uq,10,10,1,0.5256145172876909,0.0,0.2178256725575453,0.0,0.3398366054741499,0.0,1.4965255532756956,0.0,0.3259312900356969,0.0,0.1942401266972263,0.0,0.1954745443117536,0.0,0.2022346368715084,0.0,0.23656664340544306,2.925694557147251e-17,0.0334494991118282,0.0,Recent same-task OOD/UQ,recent-5,rerun_same_protocol
BindingDB10k,scaffold,risk_ensemble_variance,10,10,1,0.5256090514414218,1.1702778228589004e-16,0.2179037477414104,0.0,0.2930857894757355,0.0,1.4515315460111773,2.340555645717801e-16,0.29895461096819764,5.851389114294502e-17,0.19434371066723272,2.925694557147251e-17,0.1954745443117536,0.0,0.2016759776536313,0.0,0.23656664340544306,2.925694557147251e-17,0.0334494991118282,0.0,Recent same-task OOD/UQ,recent-3,rerun_same_protocol
BindingDB10k,scaffold,risk_isotonic_uq,10,10,1,0.5250624668145047,0.0,0.2155045660363751,0.0,0.016460059757369395,3.657118196434064e-18,0.5070613319235729,1.1702778228589004e-16,0.1624113351524437,0.0,0.19275917212836982,2.925694557147251e-17,0.2023884349465745,0.0,0.20391061452513962,2.925694557147251e-17,0.23656664340544306,2.925694557147251e-17,0.0334494991118282,0.0,Recent same-task OOD/UQ,recent-4,rerun_same_protocol
BindingDB10k,scaffold,risk_knn_tanimoto,10,10,1,0.6206273229846644,0.0,0.2719282106595621,0.0,0.45259817521708284,5.851389114294502e-17,1.8019770032685016,0.0,0.39757005674485557,5.851389114294502e-17,0.1507571758174462,0.0,0.1772470144563167,0.0,0.1938547486033519,0.0,0.23656664340544306,2.925694557147251e-17,0.0334494991118282,0.0,Classic methods,classic-1,rerun_same_protocol
BindingDB10k,scaffold,risk_mahalanobis,10,10,1,0.4491844176531218,0.0013623553063976494,0.1768281052529152,0.0005057097038736191,0.1620743179245025,0.0033461932490157402,0.7008186849586288,0.006911377126889511,0.21573523746178075,0.0008982416729028232,0.22105913506026678,0.0006303754053778328,0.21609050911376487,0.0011006851486749462,0.2089944134078212,0.000555546886040085,0.23656664340544306,2.925694557147251e-17,0.0334494991118282,0.0,Recent same-task OOD/UQ,recent-1,rerun_same_protocol
BindingDB10k,scaffold,risk_mara,10,10,1,0.6158934316144548,6.072914632039448e-06,0.26447583735977453,4.85805803493798e-06,0.01793897133359457,0.00033665395812126794,0.4918485872737409,1.1384700766256554e-06,0.1579559342781606,3.679581685981685e-07,0.15155055585220573,5.658533634608305e-06,0.1829038340666247,0.0,0.19497206703910613,2.925694557147251e-17,0.23656664340544306,2.925694557147251e-17,0.0334494991118282,0.0,Proposed,main,ours_rerun_same_protocol
BindingDB10k,scaffold,risk_mara_ad_guard,10,10,1,0.6220406346628353,0.0,0.26703841657901506,5.851389114294502e-17,0.02332393308555088,5.386419658980313e-10,0.49187546524234077,7.751545829743031e-11,0.15794449338881256,2.676739639619884e-11,0.1475453447446659,0.0,0.1797611565053425,0.0,0.1910614525139664,0.0,0.23656664340544306,2.925694557147251e-17,0.0334494991118282,0.0,Proposed,ood-guard-variant,ours_rerun_same_protocol
BindingDB10k,scaffold,risk_mara_ad_guard_isotonic,10,10,1,0.6193272324077832,1.1702778228589004e-16,0.2592379747055261,0.0,0.0057672165508311,0.0,0.4890226678987375,0.0,0.1574200335410438,0.0,0.14805276273853923,2.925694557147251e-17,0.1778755499685732,0.0,0.19050279329608927,2.925694557147251e-17,0.23656664340544306,2.925694557147251e-17,0.0334494991118282,0.0,Proposed,ood-guard-calibrated-variant,ours_rerun_same_protocol
BindingDB10k,scaffold,risk_mara_ad_guard_rate,10,10,1,0.6220406346628353,0.0,0.26703841657901506,5.851389114294502e-17,0.03660204410315181,1.7509926604613067e-10,0.49278859978279305,5.7415894892044577e-11,0.15792432642384338,5.027991111270301e-12,0.1475453447446659,0.0,0.1797611565053425,0.0,0.1910614525139664,0.0,0.23656664340544306,2.925694557147251e-17,0.0334494991118282,0.0,Proposed,ood-guard-rate-matched-variant,ours_rerun_same_protocol
BindingDB10k,scaffold,risk_mara_dual_blend_rate,10,10,1,0.6099359715151325,9.78049876490837e-05,0.2638379183618834,0.0002545594863156739,0.02061325043009354,0.0005031044927615245,0.4938520525745256,1.667818423322525e-05,0.15873210355139497,6.552648669525302e-06,0.15321333300401602,9.039454794202203e-05,0.18579509742300432,0.0004394757377624683,0.1921229050279329,0.00017666355643398748,0.23656664340544306,2.925694557147251e-17,0.0334494991118282,0.0,Proposed,dual-head-blend-variant,ours_rerun_same_protocol
BindingDB10k,scaffold,risk_mara_dual_guard_rate,10,10,1,0.603360714620358,0.00013329760957553566,0.26372102527170427,0.00042913261091814494,0.013324004832120501,0.0009571118733105208,0.49390654345379914,3.236787319147641e-05,0.1586851549967311,1.2464454140016213e-05,0.15545569663015343,0.00010548057048125131,0.1872407291011942,0.00019876038090309571,0.19178770949720664,0.0005299906693019624,0.23656664340544306,2.925694557147251e-17,0.0334494991118282,0.0,Proposed,dual-head-guard-variant,ours_rerun_same_protocol
BindingDB10k,scaffold,risk_mara_isotonic,10,10,1,0.6202479151700659,8.491815447975272e-05,0.2626406595948388,2.0749665860796413e-05,0.01719357666528444,0.0006740654450076409,0.5009917055469957,6.544962691345758e-05,0.15834648075782223,2.1421796754895957e-05,0.15171365726687883,0.00010378048183799997,0.18353236957888122,2.925694557147251e-17,0.19050279329608927,2.925694557147251e-17,0.23656664340544306,2.925694557147251e-17,0.0334494991118282,0.0,Proposed,calibrated-variant,ours_rerun_same_protocol
BindingDB10k,scaffold,risk_mara_rank_fusion,10,10,1,0.6428997876128307,0.0009388072773052936,0.2944361588449284,0.0009580293856276464,0.02170664398556873,0.002531894623314077,0.48610925542110894,0.00015156817351203556,0.1561998581923693,5.1903341485777394e-05,0.1406287019780298,0.0004121583109682147,0.17083595223130105,0.0010600553648165594,0.18888268156424579,0.0009658325869563887,0.23656664340544306,2.925694557147251e-17,0.0334494991118282,0.0,Proposed,rank-fusion-main,ours_rerun_same_protocol
BindingDB10k,scaffold,risk_rf_error_predictor,10,10,1,0.6349203548115064,0.0038244891767327677,0.3122881039621792,0.0045014034298924985,0.19816705140876367,0.001228973608273304,0.5789636462904967,0.0014752174777641783,0.1964047878556032,0.0007185252413125563,0.14378623355346304,0.0014233830320481088,0.1764299182903834,0.0014530518235407201,0.18525139664804463,0.0013220290018099814,0.23656664340544306,2.925694557147251e-17,0.0334494991118282,0.0,Direct mechanism competitors,direct-4,rerun_same_protocol
BindingDB10k,scaffold,risk_scalar_full,10,10,1,0.603360714620358,0.00013329760957553566,0.26372102527170427,0.00042913261091814494,0.2820022462762595,8.205797487696429e-05,0.6706372230463119,7.713068372735827e-05,0.23939841809390958,3.668054510808746e-05,0.15545569663015343,0.00010548057048125131,0.1872407291011942,0.00019876038090309571,0.19178770949720664,0.0005299906693019624,0.23656664340544306,2.925694557147251e-17,0.0334494991118282,0.0,Strong scalar control,control-1,rerun_same_protocol
BindingDB10k,scaffold,risk_uncertainty_only,10,10,1,0.5256090514414218,1.1702778228589004e-16,0.2179037477414104,0.0,0.29514226387214093,5.851389114294502e-17,0.6916506501336394,0.0,0.24923619823441695,5.851389114294502e-17,0.19434371066723272,2.925694557147251e-17,0.1954745443117536,0.0,0.2016759776536313,0.0,0.23656664340544306,2.925694557147251e-17,0.0334494991118282,0.0,Recent same-task OOD/UQ,recent-2,rerun_same_protocol
BindingDB10k,scaffold,risk_validation_knn_error,10,10,1,0.5793648686635225,0.0,0.27930741478101184,5.851389114294502e-17,0.0749487761847756,0.0,0.6778783690156798,0.0,0.1659640355067658,0.0,0.17274353013026297,2.925694557147251e-17,0.1766184789440603,0.0,0.1877094972067039,0.0,0.23656664340544306,2.925694557147251e-17,0.0334494991118282,0.0,Direct mechanism competitors,direct-3,rerun_same_protocol
BindingDB10k,target,risk_applicability_domain,10,10,1,0.5365338755600126,0.03267014180545659,0.2169583309660244,0.041128768984215344,0.5488386801858208,0.027289508342142083,4.810671082409975,0.34187921713865854,0.5191496696927635,0.022383588969250728,0.18301145371646868,0.030515026448731056,0.19189189189189185,0.02801205390209063,0.19648044692737426,0.03004209819916066,0.253539931106764,0.04554583331186979,0.05504822673270669,0.0355158885280619,Classic methods,classic-2,rerun_same_protocol
BindingDB10k,target,risk_calibrated_ad,10,10,1,0.5333227102836131,0.034670024957448815,0.21576731872803684,0.041937759083963425,0.02675024153941109,0.016900706244693826,0.4982158701091389,0.04212569044515671,0.1590477886456074,0.018384020147265482,0.18490014407152286,0.030120623241779415,0.1922061596480201,0.027862396277152583,0.19653631284916198,0.03000947132155851,0.253539931106764,0.04554583331186979,0.05504822673270669,0.0355158885280619,Direct mechanism competitors,direct-2,rerun_same_protocol
BindingDB10k,target,risk_calibrated_tanimoto,10,10,1,0.5370459206165005,0.03275635214957764,0.2245389788954238,0.047701859067424364,0.027907414780753387,0.01502467331158947,0.4978236162144339,0.04204072281318762,0.15893247771099794,0.018322304729604097,0.183227050224321,0.027723464239948384,0.18780641106222498,0.026486141441013612,0.19156424581005585,0.02945623106222389,0.253539931106764,0.04554583331186979,0.05504822673270669,0.0355158885280619,Direct mechanism competitors,direct-1,rerun_same_protocol
BindingDB10k,target,risk_conformal_uq,10,10,1,0.5445172983872227,0.019797365466731776,0.229394422103511,0.04418415463208103,0.3326282787111921,0.024476069505313353,1.2706649105290746,0.1116247224503474,0.32111093007870684,0.012941160397472144,0.18031513774979255,0.031871830274046185,0.18925204274041482,0.028744306369422972,0.19167597765363126,0.028313301357346055,0.253539931106764,0.04554583331186979,0.05504822673270669,0.0355158885280619,Recent same-task OOD/UQ,recent-5,rerun_same_protocol
BindingDB10k,target,risk_ensemble_variance,10,10,1,0.5445163180013681,0.019793314624230417,0.22944241479044852,0.04421307651404038,0.23848722817013474,0.021811742113136297,1.121566905904095,0.11297578283571297,0.2559821014425379,0.010542126835408705,0.18032279759674094,0.03182469890015401,0.18918918918918917,0.028731399541441337,0.19162011173184357,0.028333564347677722,0.253539931106764,0.04554583331186979,0.05504822673270669,0.0355158885280619,Recent same-task OOD/UQ,recent-3,rerun_same_protocol
BindingDB10k,target,risk_isotonic_uq,10,10,1,0.5412534602171244,0.019678847559503564,0.22074718638201155,0.040663719152949654,0.030850890507707212,0.014825091151897478,0.4975876826196347,0.04333663960149135,0.15880454896477594,0.01860210244479248,0.1825913087222651,0.030179946142122195,0.18956631049654302,0.02954815197866209,0.19256983240223463,0.028402081773154612,0.253539931106764,0.04554583331186979,0.05504822673270669,0.0355158885280619,Recent same-task OOD/UQ,recent-4,rerun_same_protocol
BindingDB10k,target,risk_knn_tanimoto,10,10,1,0.5402220498174768,0.030205695845317366,0.22689152495059464,0.04608903383602736,0.4562662915453667,0.025885693902353412,2.540486568112848,0.25761736756211634,0.4294219169030599,0.022528478735555628,0.1816949313528364,0.02787168641966384,0.1874292897548711,0.02661014787512782,0.1912290502793296,0.02960841150579733,0.253539931106764,0.04554583331186979,0.05504822673270669,0.0355158885280619,Classic methods,classic-1,rerun_same_protocol
BindingDB10k,target,risk_mahalanobis,10,10,1,0.49082774562564024,0.02446056879008633,0.19876764429234667,0.03463968114439276,0.1314303422130549,0.021117013507143605,0.6411440601540563,0.06606080575722961,0.19070542745129676,0.015203404359375132,0.2005176806434795,0.03437651837982909,0.2044626021370207,0.03522423023867187,0.19888268156424577,0.033240093057451445,0.253539931106764,0.04554583331186979,0.05504822673270669,0.0355158885280619,Recent same-task OOD/UQ,recent-1,rerun_same_protocol
BindingDB10k,target,risk_mara,10,10,1,0.5439543136480702,0.028471967333283478,0.23306680510523625,0.05518672261278883,0.027656850994267124,0.014930008047656842,0.4971498238917221,0.04154212751083094,0.1587202225463789,0.018110676683038462,0.18055106699472728,0.027196074959371264,0.1888749214330609,0.027725707663662356,0.1918994413407821,0.027487761927559015,0.253539931106764,0.04554583331186979,0.05504822673270669,0.0355158885280619,Proposed,main,ours_rerun_same_protocol
BindingDB10k,target,risk_mara_ad_guard,10,10,1,0.5334525902347388,0.0347778947901906,0.2157854737585289,0.04193293011324377,0.026695622220985826,0.017056851961716923,0.49814377638078533,0.0421049843930087,0.15902983070508547,0.0183766910496013,0.18490014407152286,0.030120623241779415,0.1922061596480201,0.027862396277152583,0.19653631284916198,0.03000947132155851,0.253539931106764,0.04554583331186979,0.05504822673270669,0.0355158885280619,Proposed,ood-guard-variant,ours_rerun_same_protocol
BindingDB10k,target,risk_mara_ad_guard_isotonic,10,10,1,0.5317895565030877,0.023542169781457314,0.21203922321547516,0.038328423379386856,0.03138573606035309,0.017054326050880444,0.5103074933971212,0.04560777642666773,0.1596459624495255,0.018226491076012243,0.18386539499622884,0.026022443397088715,0.19208045254556877,0.030377337985662545,0.1954189944134078,0.03083699923744389,0.253539931106764,0.04554583331186979,0.05504822673270669,0.0355158885280619,Proposed,ood-guard-calibrated-variant,ours_rerun_same_protocol
BindingDB10k,target,risk_mara_ad_guard_rate,10,10,1,0.536653529670943,0.03277204869754654,0.2169750270493218,0.04112405135363992,0.08250608129057971,0.019492742168512323,0.55202127504832,0.051481959134016334,0.1670140141691781,0.017830456042633964,0.18301145371646868,0.030515026448731056,0.19189189189189185,0.02801205390209063,0.19648044692737426,0.03004209819916066,0.253539931106764,0.04554583331186979,0.05504822673270669,0.0355158885280619,Proposed,ood-guard-rate-matched-variant,ours_rerun_same_protocol
BindingDB10k,target,risk_mara_dual_blend_rate,10,10,1,0.5364092772137942,0.02719974745545994,0.2282248074230186,0.05201282064919049,0.03999796941881314,0.013648923595517818,0.5018593356600143,0.04088870603785109,0.16005616516712728,0.017663057729577547,0.1830192509157689,0.02482813072468265,0.1896920175989943,0.027454525826455713,0.19162011173184354,0.029722910544102477,0.253539931106764,0.04554583331186979,0.05504822673270669,0.0355158885280619,Proposed,dual-head-blend-variant,ours_rerun_same_protocol
BindingDB10k,target,risk_mara_dual_guard_rate,10,10,1,0.5319430618187145,0.028403433420767153,0.2265350629680297,0.050414698557638034,0.04082887738536517,0.01276332227625433,0.5028433629989565,0.042145424175455345,0.1603220323833109,0.018003496310681984,0.18495429494942311,0.02517518879092344,0.19032055311125073,0.027534351442468796,0.19162011173184354,0.02854816020661121,0.253539931106764,0.04554583331186979,0.05504822673270669,0.0355158885280619,Proposed,dual-head-guard-variant,ours_rerun_same_protocol
BindingDB10k,target,risk_mara_isotonic,10,10,1,0.5416744789020671,0.026295195227635917,0.22302733678644274,0.0453438225458879,0.03527750316413993,0.01406998072339495,0.5071596968450831,0.04187175727937548,0.15933773987961394,0.01777613482451863,0.18021410445809977,0.027354725257073415,0.18956631049654302,0.027776244695261725,0.193072625698324,0.02975928939658957,0.253539931106764,0.04554583331186979,0.05504822673270669,0.0355158885280619,Proposed,calibrated-variant,ours_rerun_same_protocol
BindingDB10k,target,risk_mara_rank_fusion,10,10,1,0.5626469869527237,0.021974584371330794,0.25375087133465746,0.05071568910088024,0.04345486644228684,0.014764642344763705,0.5014729384120877,0.04194181666008012,0.15932893213459307,0.017649310696371507,0.17290478257206268,0.02713972675273472,0.18290383406662475,0.029765431611444453,0.18843575418994413,0.029481649020625948,0.253539931106764,0.04554583331186979,0.05504822673270669,0.0355158885280619,Proposed,rank-fusion-main,ours_rerun_same_protocol
BindingDB10k,target,risk_rf_error_predictor,10,10,1,0.5507109993838984,0.014348698966665458,0.24965867048036725,0.03711457766642181,0.21874223148524335,0.028433760342210512,0.6125257682815284,0.012893402656881705,0.21064600003954279,0.006182915479299948,0.1793855895296602,0.028679464162377332,0.184098051539912,0.029830910197079653,0.18994413407821226,0.03323904978914752,0.253539931106764,0.04554583331186979,0.05504822673270669,0.0355158885280619,Direct mechanism competitors,direct-4,rerun_same_protocol
BindingDB10k,target,risk_scalar_full,10,10,1,0.5319430618187145,0.028403433420767153,0.2265350629680297,0.050414698557638034,0.29330957481684244,0.03142469783215405,0.6887189505716621,0.007428398686900333,0.247834589025613,0.0035932584018294475,0.18495429494942311,0.02517518879092344,0.19032055311125073,0.027534351442468796,0.19162011173184354,0.02854816020661121,0.253539931106764,0.04554583331186979,0.05504822673270669,0.0355158885280619,Strong scalar control,control-1,rerun_same_protocol
BindingDB10k,target,risk_uncertainty_only,10,10,1,0.5445163180013681,0.019793314624230417,0.22944241479044852,0.04421307651404038,0.29923656725713393,0.03191852485521352,0.689844290804857,0.0040100636125327575,0.24832613262282374,0.0020126537075791824,0.18032279759674094,0.03182469890015401,0.18918918918918917,0.028731399541441337,0.19162011173184357,0.028333564347677722,0.253539931106764,0.04554583331186979,0.05504822673270669,0.0355158885280619,Recent same-task OOD/UQ,recent-2,rerun_same_protocol
BindingDB10k,target,risk_validation_knn_error,10,10,1,0.5735081792317754,0.03160155208894241,0.26058185585232835,0.034411447229977195,0.08851084908540736,0.012442019448226566,0.6866998044884831,0.08024639886028842,0.16847630132292482,0.019750488023148903,0.16910526149851746,0.03444993633399162,0.18152105593966056,0.03589299173880782,0.18731843575418994,0.03265388483376218,0.253539931106764,0.04554583331186979,0.05504822673270669,0.0355158885280619,Direct mechanism competitors,direct-3,rerun_same_protocol
BindingDB10k,temporal,risk_applicability_domain,10,10,1,0.5527739470913804,0.0,0.2281953803470175,0.0,0.7249653625082597,0.0,8.14249220729685,1.8724445165742407e-15,0.700010047632002,0.0,0.1819853969711618,0.0,0.2049025769956002,0.0,0.2078212290502793,0.0,0.22253922967189727,2.925694557147251e-17,0.0153999637091019,0.0,Classic methods,classic-2,rerun_same_protocol
BindingDB10k,temporal,risk_calibrated_ad,10,10,1,0.5527739470913804,0.0,0.2281953803470175,0.0,0.007022330763653299,9.14279549108516e-19,0.5065219675013363,0.0,0.16312853820411272,2.925694557147251e-17,0.1819853969711618,0.0,0.2049025769956002,0.0,0.2078212290502793,0.0,0.22253922967189727,2.925694557147251e-17,0.0153999637091019,0.0,Direct mechanism competitors,direct-2,rerun_same_protocol
BindingDB10k,temporal,risk_calibrated_tanimoto,10,10,1,0.5846105423225862,0.0,0.24532872091303629,2.925694557147251e-17,0.0149447138720375,0.0,0.5049988238224659,0.0,0.16264365808184972,2.925694557147251e-17,0.16671825790628297,2.925694557147251e-17,0.19610307982401,0.0,0.19776536312849163,2.925694557147251e-17,0.22253922967189727,2.925694557147251e-17,0.0153999637091019,0.0,Direct mechanism competitors,direct-1,rerun_same_protocol
BindingDB10k,temporal,risk_conformal_uq,10,10,1,0.5348825039555257,0.0,0.22525692589307372,2.925694557147251e-17,0.3230583142451912,0.0,1.389364404595701,0.0,0.32776238460153306,5.851389114294502e-17,0.19131001292516597,2.925694557147251e-17,0.1998742928975487,0.0,0.20391061452513962,2.925694557147251e-17,0.22253922967189727,2.925694557147251e-17,0.0153999637091019,0.0,Recent same-task OOD/UQ,recent-5,rerun_same_protocol
BindingDB10k,temporal,risk_ensemble_variance,10,10,1,0.5349117471418633,0.0,0.22540077634161187,2.925694557147251e-17,0.2513986999284611,0.0,1.2934152059489108,0.0,0.2760580135124876,0.0,0.1913527775176793,0.0,0.1998742928975487,0.0,0.20391061452513962,2.925694557147251e-17,0.22253922967189727,2.925694557147251e-17,0.0153999637091019,0.0,Recent same-task OOD/UQ,recent-3,rerun_same_protocol
BindingDB10k,temporal,risk_isotonic_uq,10,10,1,0.5327462122378117,0.0,0.2216784883582427,0.0,0.0262783547498665,0.0,0.5123847160909252,0.0,0.1648098378066319,0.0,0.19300881929751093,2.925694557147251e-17,0.20364550597108727,2.925694557147251e-17,0.1994413407821229,0.0,0.22253922967189727,2.925694557147251e-17,0.0153999637091019,0.0,Recent same-task OOD/UQ,recent-4,rerun_same_protocol
BindingDB10k,temporal,risk_knn_tanimoto,10,10,1,0.5846105423225862,0.0,0.24532872091303629,2.925694557147251e-17,0.6607718630990844,1.1702778228589004e-16,3.8202567147438073,0.0,0.6180075898902689,1.1702778228589004e-16,0.16671825790628297,2.925694557147251e-17,0.19610307982401,0.0,0.19776536312849163,2.925694557147251e-17,0.22253922967189727,2.925694557147251e-17,0.0153999637091019,0.0,Classic methods,classic-1,rerun_same_protocol
BindingDB10k,temporal,risk_mahalanobis,10,10,1,0.508025253800075,0.0015661577218241953,0.20323654204976202,0.0006460255963705052,0.09073109504784281,0.0024306373703497134,0.568593239797983,0.0019607740605446606,0.18301367668986684,0.00029060817368541244,0.2016902972252086,0.0009015242217358687,0.20967944688874915,0.0014575761266227717,0.21100558659217877,0.0004599288281276892,0.22253922967189727,2.925694557147251e-17,0.0153999637091019,0.0,Recent same-task OOD/UQ,recent-1,rerun_same_protocol
BindingDB10k,temporal,risk_mara,10,10,1,0.526253301401826,0.00013975083852757917,0.22199120916631135,4.446531840668087e-05,0.00803803668894644,0.0002890867616841184,0.5105304994932716,1.3947366433577975e-05,0.16445454570571066,2.883985379064278e-06,0.19646371628483844,7.163963002091391e-05,0.201759899434318,0.0,0.20893854748603352,2.925694557147251e-17,0.22253922967189727,2.925694557147251e-17,0.0153999637091019,0.0,Proposed,main,ours_rerun_same_protocol
BindingDB10k,temporal,risk_mara_ad_guard,10,10,1,0.5527739470913804,0.0,0.2281953803470175,0.0,0.00702237596267207,1.6461808789014874e-09,0.5065219688258898,4.832831129300938e-11,0.16312853862179658,1.5235400092616736e-11,0.1819853969711618,0.0,0.2049025769956002,0.0,0.2078212290502793,0.0,0.22253922967189727,2.925694557147251e-17,0.0153999637091019,0.0,Proposed,ood-guard-variant,ours_rerun_same_protocol
BindingDB10k,temporal,risk_mara_ad_guard_isotonic,10,10,1,0.5439879087120069,1.1702778228589004e-16,0.2236111632278543,0.0,0.007232856400335201,9.14279549108516e-19,0.5108559646360752,0.0,0.163259831321283,0.0,0.1879280604293358,0.0,0.2061596480201131,0.0,0.2078212290502793,0.0,0.22253922967189727,2.925694557147251e-17,0.0153999637091019,0.0,Proposed,ood-guard-calibrated-variant,ours_rerun_same_protocol
BindingDB10k,temporal,risk_mara_ad_guard_rate,10,10,1,0.5527739470913804,0.0,0.2281953803470175,0.0,0.0232510206191733,6.105167704934804e-10,0.5084070012351809,9.327370898031153e-11,0.16344439037098535,3.7518091955811476e-11,0.1819853969711618,0.0,0.2049025769956002,0.0,0.2078212290502793,0.0,0.22253922967189727,2.925694557147251e-17,0.0153999637091019,0.0,Proposed,ood-guard-rate-matched-variant,ours_rerun_same_protocol
BindingDB10k,temporal,risk_mara_dual_blend_rate,10,10,1,0.5073283424961984,0.0005443360900935065,0.21427802495721932,0.0006223074383581881,0.04664710171808092,0.0021067885213309112,0.5166700625126415,9.366083457991849e-05,0.1664603074619897,3.382985385273577e-05,0.20444094141439328,0.00031292545117415736,0.20553111250785666,0.001068304947327206,0.2056983240223463,0.00035332711286797496,0.22253922967189727,2.925694557147251e-17,0.0153999637091019,0.0,Proposed,dual-head-blend-variant,ours_rerun_same_protocol
BindingDB10k,temporal,risk_mara_dual_guard_rate,10,10,1,0.49704459124181966,0.0009323207236596594,0.20763934627428973,0.0005049271114231243,0.049679810626139596,0.0027210800485738397,0.5179654603169416,0.0001464347964348321,0.1668606505643962,4.848536664667336e-05,0.2068128997101585,0.00045430386452336677,0.20810810810810806,0.0010866375428359412,0.2045251396648044,0.0006688374300211638,0.22253922967189727,2.925694557147251e-17,0.0153999637091019,0.0,Proposed,dual-head-guard-variant,ours_rerun_same_protocol
BindingDB10k,temporal,risk_mara_isotonic,10,10,1,0.5296418171408167,0.00048270311937745406,0.22231469424530861,0.00010422691039178797,0.02029983661816092,0.006646325010661669,0.5116361736998184,2.5235497882976893e-05,0.16513132836306937,7.844689334291639e-06,0.196952745228902,0.0013224829977099006,0.20691389063482082,0.0009737230285876351,0.20815642458100556,0.00028849037960576633,0.22253922967189727,2.925694557147251e-17,0.0153999637091019,0.0,Proposed,calibrated-variant,ours_rerun_same_protocol
BindingDB10k,temporal,risk_mara_rank_fusion,10,10,1,0.5429041408351855,0.0012259154352307143,0.22235960677856426,0.0009227521594072451,0.010396679078504232,0.0014883215117208403,0.5074958513233623,0.00018234781487982862,0.16359618799530878,5.829658125137897e-05,0.183451053171025,0.0006223246651953059,0.20647391577624133,0.0009011444863861869,0.2062569832402234,0.0007355090375468046,0.22253922967189727,2.925694557147251e-17,0.0153999637091019,0.0,Proposed,rank-fusion-main,ours_rerun_same_protocol
BindingDB10k,temporal,risk_rf_error_predictor,10,10,1,0.5373029932709888,0.004118909812860547,0.23260822217052843,0.003935532658223488,0.19734230990191393,0.0029516268448537496,0.6173206466448315,0.0028054763012809337,0.21408342015150078,0.0012865006112242963,0.19107792721910236,0.002183790867387624,0.1987429289754871,0.0027445251026713365,0.20480446927374296,0.0018472397419198891,0.22253922967189727,2.925694557147251e-17,0.0153999637091019,0.0,Direct mechanism competitors,direct-4,rerun_same_protocol
BindingDB10k,temporal,risk_scalar_full,10,10,1,0.49704459124181966,0.0009323207236596594,0.20763934627428973,0.0005049271114231243,0.29749843852607494,0.00047478320748127017,0.7068484403360807,0.0005479916976386485,0.25680346759730244,0.00027286152294937874,0.2068128997101585,0.00045430386452336677,0.20810810810810806,0.0010866375428359412,0.2045251396648044,0.0006688374300211638,0.22253922967189727,2.925694557147251e-17,0.0153999637091019,0.0,Strong scalar control,control-1,rerun_same_protocol
BindingDB10k,temporal,risk_uncertainty_only,10,10,1,0.5349117471418633,0.0,0.22540077634161187,2.925694557147251e-17,0.29081612029587955,5.851389114294502e-17,0.6921755325474972,0.0,0.24944937162943223,2.925694557147251e-17,0.1913527775176793,0.0,0.1998742928975487,0.0,0.20391061452513962,2.925694557147251e-17,0.22253922967189727,2.925694557147251e-17,0.0153999637091019,0.0,Recent same-task OOD/UQ,recent-2,rerun_same_protocol
BindingDB10k,temporal,risk_validation_knn_error,10,10,1,0.5075593636682655,1.1702778228589004e-16,0.2053690582706285,0.0,0.1070670586719293,0.0,0.844640568505714,0.0,0.1840747945098184,0.0,0.2027148356081016,0.0,0.2042740414833438,0.0,0.21173184357541902,2.925694557147251e-17,0.22253922967189727,2.925694557147251e-17,0.0153999637091019,0.0,Direct mechanism competitors,direct-3,rerun_same_protocol
ChEMBL10k,assay,risk_applicability_domain,10,10,1,0.5157242945385099,0.011167659862864577,0.2029237246856606,0.01658903755076271,0.6594792774207358,0.011946694189767933,6.692065637113812,0.12116510814820591,0.6259757753590895,0.010010411967285917,0.1895356301060373,0.009981194155768666,0.19422835633626095,0.013488323458849136,0.19587513935340023,0.013646707399849968,0.21261865832541602,0.02043573744663758,0.01688358557077476,0.012001683939525694,Classic methods,classic-2,rerun_same_protocol
ChEMBL10k,assay,risk_calibrated_ad,10,10,1,0.5135918814970059,0.011985514703673247,0.20192856680602805,0.0156783919415858,0.01261068594532649,0.005760981221936235,0.4943621877437699,0.018010517950327046,0.15740247001670343,0.007804659011951132,0.19188944654048412,0.014376105618836345,0.19548306148055206,0.014987177361397342,0.19632107023411371,0.01418651379917771,0.21261865832541602,0.02043573744663758,0.01688358557077476,0.012001683939525694,Direct mechanism competitors,direct-2,rerun_same_protocol
ChEMBL10k,assay,risk_calibrated_tanimoto,10,10,1,0.516027356850695,0.013889665771254852,0.20941474966608348,0.016699711919255632,0.011606710274188779,0.006535347390027803,0.49447229628650735,0.018021287111164786,0.15743379019251405,0.007808003540547481,0.19282975795773857,0.01594484615228635,0.1904015056461731,0.015899121601660907,0.19392419175027867,0.013695319304738785,0.21261865832541602,0.02043573744663758,0.01688358557077476,0.012001683939525694,Direct mechanism competitors,direct-1,rerun_same_protocol
ChEMBL10k,assay,risk_conformal_uq,10,10,1,0.5150403793218677,0.015368911472311547,0.20558427650169359,0.018233945345982702,0.34188653096811755,0.015256648709612998,1.3112903337811928,0.05884933309453689,0.3343895155600802,0.009622746452740099,0.18840990049876988,0.011429753467145327,0.19303638644918444,0.013133013389706788,0.19409141583054623,0.012909872284694864,0.21261865832541602,0.02043573744663758,0.01688358557077476,0.012001683939525694,Recent same-task OOD/UQ,recent-5,rerun_same_protocol
ChEMBL10k,assay,risk_ensemble_variance,10,10,1,0.5150481654849614,0.015378162244962216,0.20559379917976642,0.018256322150590656,0.251670948903637,0.015089211458373549,1.1549452576715926,0.0675662635640088,0.2687670180346394,0.0051565952784284694,0.18838206840023125,0.011427571287838048,0.19297365119196985,0.013120187446258669,0.19403567447045705,0.012903586430948544,0.21261865832541602,0.02043573744663758,0.01688358557077476,0.012001683939525694,Recent same-task OOD/UQ,recent-3,rerun_same_protocol
ChEMBL10k,assay,risk_isotonic_uq,10,10,1,0.5165658882774935,0.0166517537657469,0.20352457955458428,0.017542546984733766,0.015106583301865682,0.007479590339706914,0.4948199909701779,0.017298602541342276,0.15757558830422105,0.007582201085824732,0.18937005697137196,0.011333259175057828,0.1934755332496863,0.012554716743999269,0.19425863991081377,0.011526622019309877,0.21261865832541602,0.02043573744663758,0.01688358557077476,0.012001683939525694,Recent same-task OOD/UQ,recent-4,rerun_same_protocol
ChEMBL10k,assay,risk_knn_tanimoto,10,10,1,0.5214116434408027,0.0114047158670101,0.21252330459362204,0.017024933893120126,0.5625294887480201,0.013063597673730378,1.7604841872604138,0.04498477531045784,0.510251960179638,0.0076170975689446,0.18923574245657493,0.012027939326917852,0.18770388958594725,0.013638567324784582,0.19275362318840575,0.012446962360476406,0.21261865832541602,0.02043573744663758,0.01688358557077476,0.012001683939525694,Classic methods,classic-1,rerun_same_protocol
ChEMBL10k,assay,risk_mahalanobis,10,10,1,0.4958661907893235,0.01683516323441809,0.2010359534531771,0.014880266889343564,0.11884032631638912,0.0077490776077064625,0.609963267320085,0.026096941709693993,0.18294019742436904,0.008153721723181554,0.19739994756665818,0.01623631181071313,0.19836888331242158,0.015191780042825913,0.19643255295429204,0.013827652787673962,0.21261865832541602,0.02043573744663758,0.01688358557077476,0.012001683939525694,Recent same-task OOD/UQ,recent-1,rerun_same_protocol
ChEMBL10k,assay,risk_mara,10,10,1,0.5431967721583941,0.014413971913154099,0.22933747303176272,0.014240893905924104,0.013176326188696599,0.007177891975184698,0.4923388945276705,0.018110968443377368,0.15673299111473327,0.007788996658094173,0.1787962060490695,0.013916605627244685,0.18412797992471766,0.013684820776534018,0.18779264214046817,0.013735593079649557,0.21261865832541602,0.02043573744663758,0.01688358557077476,0.012001683939525694,Proposed,main,ours_rerun_same_protocol
ChEMBL10k,assay,risk_mara_ad_guard,10,10,1,0.5135921061555713,0.011984473668211886,0.20192859015601727,0.01567810290662334,0.0125919215620947,0.005773200535382625,0.49436053357973864,0.018007209093210987,0.15740196486117614,0.007803564874794516,0.19188944654048412,0.014376105618836345,0.19548306148055206,0.014987177361397342,0.19632107023411371,0.01418651379917771,0.21261865832541602,0.02043573744663758,0.01688358557077476,0.012001683939525694,Proposed,ood-guard-variant,ours_rerun_same_protocol
ChEMBL10k,assay,risk_mara_ad_guard_isotonic,10,10,1,0.5144751596248917,0.010271454998640003,0.2008699817186587,0.015055612304424431,0.012980489022909589,0.007110122056950092,0.4972177925939915,0.01626976849266196,0.15743494426709145,0.007691989905444744,0.19021224309679471,0.012945390660761807,0.19654956085319947,0.014572505870245897,0.1959866220735786,0.014102062250032625,0.21261865832541602,0.02043573744663758,0.01688358557077476,0.012001683939525694,Proposed,ood-guard-calibrated-variant,ours_rerun_same_protocol
ChEMBL10k,assay,risk_mara_ad_guard_rate,10,10,1,0.5157261841987403,0.011167423826500777,0.2029240256062054,0.01658909313353712,0.05897974838572283,0.008904289001315579,0.515198095654895,0.016901000476069312,0.1617216908567941,0.007183317969267248,0.1895356301060373,0.009981194155768666,0.19422835633626095,0.013488323458849136,0.19587513935340023,0.013646707399849968,0.21261865832541602,0.02043573744663758,0.01688358557077476,0.012001683939525694,Proposed,ood-guard-rate-matched-variant,ours_rerun_same_protocol
ChEMBL10k,assay,risk_mara_dual_blend_rate,10,10,1,0.538457886326271,0.011843302422658073,0.22677776439612013,0.01421725343664088,0.02108223497767523,0.009710802151299599,0.4950262866153109,0.01789215042835837,0.15768133213616206,0.0076455592112920035,0.18092085755513188,0.013559972256999906,0.1850062735257214,0.01271823142754999,0.18879598662207356,0.012894486580429564,0.21261865832541602,0.02043573744663758,0.01688358557077476,0.012001683939525694,Proposed,dual-head-blend-variant,ours_rerun_same_protocol
ChEMBL10k,assay,risk_mara_dual_guard_rate,10,10,1,0.5352944780058289,0.010479979861904886,0.22457560995579723,0.01418758789229482,0.02075843737127152,0.006010332114755544,0.494739383602494,0.01773333811191913,0.15751248803344742,0.007640296852291773,0.18243173111105998,0.013264567401096607,0.18632371392722705,0.012972030463630975,0.18946488294314373,0.012900910670627989,0.21261865832541602,0.02043573744663758,0.01688358557077476,0.012001683939525694,Proposed,dual-head-guard-variant,ours_rerun_same_protocol
ChEMBL10k,assay,risk_mara_isotonic,10,10,1,0.5389012359048815,0.012819588324749831,0.21904311102290128,0.01621206152999921,0.02031982496170517,0.00980792566540518,0.5013542799729885,0.015164101455252614,0.15830934495044574,0.007753958162748728,0.1795722784116059,0.013464872283692276,0.18638644918444158,0.013634238053435492,0.1885730211817168,0.013784768100285585,0.21261865832541602,0.02043573744663758,0.01688358557077476,0.012001683939525694,Proposed,calibrated-variant,ours_rerun_same_protocol
ChEMBL10k,assay,risk_mara_rank_fusion,10,10,1,0.5467515806814135,0.010667549354530879,0.22477290158357016,0.02017782951537898,0.0336212910455485,0.008833109587586698,0.4982082018333426,0.017896606110952472,0.1582486136593601,0.007538320021138092,0.1755114895418465,0.010442282782896939,0.1869510664993726,0.01287729344905116,0.19041248606465994,0.012425864857924681,0.21261865832541602,0.02043573744663758,0.01688358557077476,0.012001683939525694,Proposed,rank-fusion-main,ours_rerun_same_protocol
ChEMBL10k,assay,risk_rf_error_predictor,10,10,1,0.5328718761094928,0.021389167726061198,0.22012590661961468,0.023568159025288544,0.23135936552906386,0.017180530540939185,0.6188068505172759,0.0066692655162973406,0.21376961915925147,0.003212042482045513,0.18179818424430833,0.009898377981845096,0.18920953575909658,0.01159499628822877,0.19136008918617606,0.012419889982247082,0.21261865832541602,0.02043573744663758,0.01688358557077476,0.012001683939525694,Direct mechanism competitors,direct-4,rerun_same_protocol
ChEMBL10k,assay,risk_scalar_full,10,10,1,0.5352944780058289,0.010479979861904886,0.22457560995579723,0.01418758789229482,0.2991139711196683,0.013361721940623574,0.6884661591478689,0.0034575914682718426,0.24751592842253056,0.0018037642162873173,0.18243173111105998,0.013264567401096607,0.18632371392722705,0.012972030463630975,0.18946488294314373,0.012900910670627989,0.21261865832541602,0.02043573744663758,0.01688358557077476,0.012001683939525694,Strong scalar control,control-1,rerun_same_protocol
ChEMBL10k,assay,risk_uncertainty_only,10,10,1,0.5129744273830483,0.017350971960412912,0.2041090225499314,0.019565063173894063,0.3041839506762724,0.013076038019163159,0.6931527807667655,0.0012430010996965515,0.24999927231833796,0.0006218118982331139,0.1892399025950365,0.011127546893507116,0.1934755332496863,0.012713932723495119,0.1942586399108138,0.012706231858512936,0.21261865832541602,0.02043573744663758,0.01688358557077476,0.012001683939525694,Recent same-task OOD/UQ,recent-2,rerun_same_protocol
ChEMBL10k,assay,risk_validation_knn_error,10,10,1,0.5314189789529377,0.013454752587603236,0.2171704969045462,0.019385222982154598,0.07257136326792692,0.008484893137536033,0.6046955257171043,0.03423252126705717,0.16569803797808988,0.008162936256352442,0.18293020166771273,0.014777034722081356,0.1875156838143036,0.012987023238034997,0.19108138238573016,0.012491261681434846,0.21261865832541602,0.02043573744663758,0.01688358557077476,0.012001683939525694,Direct mechanism competitors,direct-3,rerun_same_protocol
ChEMBL10k,scaffold,risk_applicability_domain,10,10,1,0.5525975419131395,0.0,0.2307971183551673,0.0,0.6359384670900339,0.0,5.765793322752261,0.0,0.5909533574538477,0.0,0.1813563832554124,0.0,0.20075282308657458,2.925694557147251e-17,0.2028985507246377,0.0,0.21285394036724123,0.0013750901519329786,0.00562865185745697,0.0013750901519329962,Classic methods,classic-2,rerun_same_protocol
ChEMBL10k,scaffold,risk_calibrated_ad,10,10,1,0.5525975419131395,0.0,0.2307971183551673,0.0,0.0073024543037226,0.0,0.5071789986718898,0.0,0.1633221386226893,0.0,0.1813563832554124,0.0,0.20075282308657458,2.925694557147251e-17,0.2028985507246377,0.0,0.21285394036724123,0.0013750901519329786,0.00562865185745697,0.0013750901519329962,Direct mechanism competitors,direct-2,rerun_same_protocol
ChEMBL10k,scaffold,risk_calibrated_tanimoto,10,10,1,0.5573597020872283,0.0,0.2402198163984323,0.0,0.007005336782922001,9.14279549108516e-19,0.5073383211606262,1.1702778228589004e-16,0.16332642969736227,2.925694557147251e-17,0.18330976741319346,2.925694557147251e-17,0.19636135508155578,2.925694557147251e-17,0.2028985507246377,0.0,0.21285394036724123,0.0013750901519329786,0.00562865185745697,0.0013750901519329962,Direct mechanism competitors,direct-1,rerun_same_protocol
ChEMBL10k,scaffold,risk_conformal_uq,10,10,1,0.5143891562203083,0.0,0.21487100862201486,2.925694557147251e-17,0.3263190964307876,0.0,1.393106205690375,0.0,0.3323172167458982,0.0,0.199712547841351,0.0,0.2045169385194479,0.0,0.20457079152731322,2.925694557147251e-17,0.21285394036724123,0.0013750901519329786,0.00562865185745697,0.0013750901519329962,Recent same-task OOD/UQ,recent-5,rerun_same_protocol
ChEMBL10k,scaffold,risk_ensemble_variance,10,10,1,0.5143860912740983,1.1702778228589004e-16,0.2149033031921379,0.0,0.2511474952261735,5.851389114294502e-17,1.2573075398077846,0.0,0.277614939589856,0.0,0.1998064429518793,0.0,0.2045169385194479,0.0,0.20457079152731322,2.925694557147251e-17,0.21285394036724123,0.0013750901519329786,0.00562865185745697,0.0013750901519329962,Recent same-task OOD/UQ,recent-3,rerun_same_protocol
ChEMBL10k,scaffold,risk_isotonic_uq,10,10,1,0.5088814478805898,1.1702778228589004e-16,0.21080411136389907,2.925694557147251e-17,0.0168923106301585,0.0,0.5114914288664589,0.0,0.1645464215144408,0.0,0.2008646127724823,0.0,0.20639899623588448,2.925694557147251e-17,0.20512820512820512,2.925694557147251e-17,0.21285394036724123,0.0013750901519329786,0.00562865185745697,0.0013750901519329962,Recent same-task OOD/UQ,recent-4,rerun_same_protocol
ChEMBL10k,scaffold,risk_knn_tanimoto,10,10,1,0.5573597020872283,0.0,0.2402198163984323,0.0,0.5260548609632743,0.0,1.5013038555582747,0.0,0.4661379299405792,5.851389114294502e-17,0.18330976741319346,2.925694557147251e-17,0.19636135508155578,2.925694557147251e-17,0.2028985507246377,0.0,0.21285394036724123,0.0013750901519329786,0.00562865185745697,0.0013750901519329962,Classic methods,classic-1,rerun_same_protocol
ChEMBL10k,scaffold,risk_mahalanobis,10,10,1,0.4944473135746468,0.00186869685151495,0.20611149163269285,0.0010431360214253548,0.14878334882907815,0.009591871809131035,0.6981755589786793,0.009796053963312646,0.20777482628973556,0.004088046697828537,0.2091007721204666,0.0007152206546997068,0.20633626097867,0.0017104228395381294,0.20724637681159414,0.0005756942915209713,0.21285394036724123,0.0013750901519329786,0.00562865185745697,0.0013750901519329962,Recent same-task OOD/UQ,recent-1,rerun_same_protocol
ChEMBL10k,scaffold,risk_mara,10,10,1,0.5616023538786894,0.0002230121361386317,0.2414089845318368,0.00015150737618597335,0.006947602892262321,9.025238977070206e-05,0.5064981288045363,3.324162444895573e-05,0.16309982790266048,9.387363240358824e-06,0.1786375586749715,0.00010124183923774754,0.19491844416562104,0.00030304008252171215,0.1986064659977703,0.0005288089732723052,0.21285394036724123,0.0013750901519329786,0.00562865185745697,0.0013750901519329962,Proposed,main,ours_rerun_same_protocol
ChEMBL10k,scaffold,risk_mara_ad_guard,10,10,1,0.5525975419131395,0.0,0.2307971183551673,0.0,0.00730154027156866,2.1604858774383783e-08,0.5071807613166884,4.9595995464932756e-08,0.16332247431788663,9.55592286213861e-09,0.1813563832554124,0.0,0.20075282308657458,2.925694557147251e-17,0.2028985507246377,0.0,0.21285394036724123,0.0013750901519329786,0.00562865185745697,0.0013750901519329962,Proposed,ood-guard-variant,ours_rerun_same_protocol
ChEMBL10k,scaffold,risk_mara_ad_guard_isotonic,10,10,1,0.5504053391362982,0.0,0.22654661401156093,2.925694557147251e-17,0.0174282758240071,0.0,0.5121923494682494,0.0,0.1636094225847931,0.0,0.1808721328680754,0.0,0.20263488080301123,2.925694557147251e-17,0.2034559643255295,0.0,0.21285394036724123,0.0013750901519329786,0.00562865185745697,0.0013750901519329962,Proposed,ood-guard-calibrated-variant,ours_rerun_same_protocol
ChEMBL10k,scaffold,risk_mara_ad_guard_rate,10,10,1,0.5525975419131395,0.0,0.2307971183551673,0.0,0.04222080306403822,2.6417440484288708e-08,0.5171254441354464,2.2482398131253724e-08,0.16525804763487328,1.119990174472394e-10,0.1813563832554124,0.0,0.20075282308657458,2.925694557147251e-17,0.2028985507246377,0.0,0.21285394036724123,0.0013750901519329786,0.00562865185745697,0.0013750901519329962,Proposed,ood-guard-rate-matched-variant,ours_rerun_same_protocol
ChEMBL10k,scaffold,risk_mara_dual_blend_rate,10,10,1,0.5650038311827628,0.00036022804215812994,0.24546113489355884,0.00015102404246647674,0.0185301920850685,0.0009173002776007539,0.5090968053596552,7.694337374965976e-05,0.16378702821703522,1.952425160745915e-05,0.17781655859269835,0.00016810289224103764,0.19516938519447927,0.00019838630239448713,0.19871794871794862,0.000541708648722169,0.21285394036724123,0.0013750901519329786,0.00562865185745697,0.0013750901519329962,Proposed,dual-head-blend-variant,ours_rerun_same_protocol
ChEMBL10k,scaffold,risk_mara_dual_guard_rate,10,10,1,0.5665159223955619,0.0004186111729705171,0.24949650053656436,0.00036049483663927256,0.01460051879594389,0.0010431715407662602,0.5076835676034762,8.414770907024221e-05,0.16330545107810207,2.2169321966653927e-05,0.17795332407131037,0.0002043944305898118,0.19554579673776656,0.0003030400825217121,0.19921962095875134,0.0005385126995982745,0.21285394036724123,0.0013750901519329786,0.00562865185745697,0.0013750901519329962,Proposed,dual-head-guard-variant,ours_rerun_same_protocol
ChEMBL10k,scaffold,risk_mara_isotonic,10,10,1,0.5604995862322616,0.0014228399475777742,0.23539374610728014,0.0013900634697938568,0.016771431786255613,0.0013678540883306984,0.5285955442527991,0.0003277484753251463,0.1646806874060623,0.00011283824489802455,0.17836455740676946,0.002051823832290469,0.19711417816813043,0.0020869886992680186,0.19955406911928647,0.0010176933435621725,0.21285394036724123,0.0013750901519329786,0.00562865185745697,0.0013750901519329962,Proposed,calibrated-variant,ours_rerun_same_protocol
ChEMBL10k,scaffold,risk_mara_rank_fusion,10,10,1,0.5728882520611762,0.0006874650360643231,0.24937234735842045,0.00035438735872188104,0.03133052048717043,0.0008660091624444635,0.5081182165480861,0.00024139028462998496,0.16333617730404879,5.839704065443164e-05,0.17458341096011126,0.00036942939801003384,0.1944165621079046,0.0008072044778594099,0.19916387959866216,0.0009121469868921439,0.21285394036724123,0.0013750901519329786,0.00562865185745697,0.0013750901519329962,Proposed,rank-fusion-main,ours_rerun_same_protocol
ChEMBL10k,scaffold,risk_rf_error_predictor,10,10,1,0.5673465228185245,0.0024630695719573673,0.24086276136933238,0.0026944252135723537,0.21193833129546502,0.0007694532102358236,0.613155377951505,0.0009346546085384101,0.21213353580400307,0.0004243273212964762,0.17616317207776153,0.0012948546658970005,0.19730238393977412,0.001852785983549718,0.20122630992196205,0.001313836457054164,0.21285394036724123,0.0013750901519329786,0.00562865185745697,0.0013750901519329962,Direct mechanism competitors,direct-4,rerun_same_protocol
ChEMBL10k,scaffold,risk_scalar_full,10,10,1,0.5665159223955619,0.0004186111729705171,0.24949650053656436,0.00036049483663927256,0.28828212504075584,6.409561271221274e-05,0.6879125871705346,6.30350060457145e-05,0.24755960728783216,3.072221403492532e-05,0.17795332407131037,0.0002043944305898118,0.19554579673776656,0.0003030400825217121,0.19921962095875134,0.0005385126995982745,0.21285394036724123,0.0013750901519329786,0.00562865185745697,0.0013750901519329962,Strong scalar control,control-1,rerun_same_protocol
ChEMBL10k,scaffold,risk_uncertainty_only,10,10,1,0.5143860912740983,1.1702778228589004e-16,0.2149033031921379,0.0,0.2924493235572899,0.0,0.6927295288786592,0.0,0.24978941363039583,2.925694557147251e-17,0.1998064429518793,0.0,0.2045169385194479,0.0,0.20457079152731322,2.925694557147251e-17,0.21285394036724123,0.0013750901519329786,0.00562865185745697,0.0013750901519329962,Recent same-task OOD/UQ,recent-2,rerun_same_protocol
ChEMBL10k,scaffold,risk_validation_knn_error,10,10,1,0.5350859717411958,1.1702778228589004e-16,0.23296073925090396,2.925694557147251e-17,0.07060714323501718,1.4628472785736255e-17,0.6201052972572417,0.0,0.1710607349018905,0.0,0.1935410262765571,0.0,0.19322459222082813,2.925694557147251e-17,0.2034559643255295,0.0,0.21285394036724123,0.0013750901519329786,0.00562865185745697,0.0013750901519329962,Direct mechanism competitors,direct-3,rerun_same_protocol
ChEMBL10k,target,risk_applicability_domain,10,10,1,0.4930274824307069,0.01312401711702425,0.19582193826494096,0.01624562000139138,0.6985547208313949,0.014909056261673062,8.000052648912604,0.21072945602670798,0.6785794778772304,0.013480529494503716,0.2002776263736993,0.01440493413790361,0.19943538268506897,0.014016959046201182,0.19933110367892973,0.014412013420460192,0.21523640248493092,0.018648788334742226,0.01684202215377184,0.010875580394919612,Classic methods,classic-2,rerun_same_protocol
ChEMBL10k,target,risk_calibrated_ad,10,10,1,0.4969697691120098,0.009471451637487043,0.19706470776568835,0.014353457816214351,0.01283610448228561,0.007897128934788113,0.49822955195525315,0.02009827790459442,0.15905361409170518,0.008694356910690244,0.2016987582989908,0.012856251433180066,0.20050188205771638,0.01403177028111887,0.19955406911928647,0.014228308969956643,0.21523640248493092,0.018648788334742226,0.01684202215377184,0.010875580394919612,Direct mechanism competitors,direct-2,rerun_same_protocol
ChEMBL10k,target,risk_calibrated_tanimoto,10,10,1,0.49695103327738516,0.005617512854833751,0.19964087828497298,0.016050336292612922,0.01458792318952748,0.007456905447820239,0.4982416994816018,0.020068662675190897,0.15905816040963566,0.008684106528372931,0.2025921933389033,0.0118922390167196,0.1982434127979924,0.014062278902931363,0.1979375696767001,0.013977268769146208,0.21523640248493092,0.018648788334742226,0.01684202215377184,0.010875580394919612,Direct mechanism competitors,direct-1,rerun_same_protocol
ChEMBL10k,target,risk_conformal_uq,10,10,1,0.5160102772435257,0.012704542526968295,0.20934847127893774,0.019081500966392124,0.3480737286499237,0.015816751947303708,1.350414642469984,0.07631542620508122,0.335809577934443,0.009961461661287785,0.1923611464896589,0.014601153707494794,0.19435382685069005,0.014451216251920966,0.195819397993311,0.013854715362028975,0.21523640248493092,0.018648788334742226,0.01684202215377184,0.010875580394919612,Recent same-task OOD/UQ,recent-5,rerun_same_protocol
ChEMBL10k,target,risk_ensemble_variance,10,10,1,0.516014253239307,0.012713730537480596,0.2093887694221368,0.01909904609666757,0.2610989690467308,0.019328349439715446,1.2123903516750985,0.08134529567418719,0.2739050792043193,0.010762849270936339,0.19238969123799357,0.01460420267240261,0.19435382685069005,0.014451216251920966,0.1958751393534002,0.013840130594168708,0.21523640248493092,0.018648788334742226,0.01684202215377184,0.010875580394919612,Recent same-task OOD/UQ,recent-3,rerun_same_protocol
ChEMBL10k,target,risk_isotonic_uq,10,10,1,0.5129074196280465,0.00992423090430983,0.2039466267214956,0.016068760823868773,0.01639379150541407,0.006482614167969468,0.49956583984003833,0.020340150757401376,0.1594085308410657,0.008666842628919652,0.19579553832077096,0.015176508118794207,0.19629861982434121,0.015475968387963153,0.19648829431438125,0.015302106060858073,0.21523640248493092,0.018648788334742226,0.01684202215377184,0.010875580394919612,Recent same-task OOD/UQ,recent-4,rerun_same_protocol
ChEMBL10k,target,risk_knn_tanimoto,10,10,1,0.5038243024845073,0.013590167346930629,0.20895395693122149,0.01886767602576782,0.6036629220809755,0.01532234513133959,2.010934842580726,0.08886838491868748,0.5595485085703669,0.012721476808356029,0.19943939499998856,0.013555517100869795,0.1942910915934755,0.014602483696811115,0.19487179487179485,0.014040726244319084,0.21523640248493092,0.018648788334742226,0.01684202215377184,0.010875580394919612,Classic methods,classic-1,rerun_same_protocol
ChEMBL10k,target,risk_mahalanobis,10,10,1,0.4926387411098537,0.009829156142826418,0.19902997019407462,0.0138027209122051,0.14744262615134932,0.017066897895367587,0.7543252470022878,0.07718700972719063,0.19999270536156244,0.00972299767115598,0.20178560793684563,0.016875592222503046,0.20112923462986196,0.01578026941304219,0.19793756967670006,0.015095860827691022,0.21523640248493092,0.018648788334742226,0.01684202215377184,0.010875580394919612,Recent same-task OOD/UQ,recent-1,rerun_same_protocol
ChEMBL10k,target,risk_mara,10,10,1,0.5057933132160641,0.012757329265454125,0.21368920341344042,0.017372464841033792,0.01677758521308075,0.0063092786408910926,0.49813162162782343,0.0200833015287196,0.15899864209945558,0.008659895545449187,0.19866041551327024,0.014793747086649144,0.19585947302383935,0.014277689425438143,0.19414715719063544,0.014782966474813664,0.21523640248493092,0.018648788334742226,0.01684202215377184,0.010875580394919612,Proposed,main,ours_rerun_same_protocol
ChEMBL10k,target,risk_mara_ad_guard,10,10,1,0.49697129712858923,0.00946605116827689,0.19706496013342378,0.01435343114806376,0.012837406212897418,0.007898023955065168,0.4982296495410292,0.020098155995633086,0.15905364450182666,0.008694323006697572,0.2016987582989908,0.012856251433180066,0.20050188205771638,0.01403177028111887,0.19955406911928647,0.014228308969956643,0.21523640248493092,0.018648788334742226,0.01684202215377184,0.010875580394919612,Proposed,ood-guard-variant,ours_rerun_same_protocol
ChEMBL10k,target,risk_mara_ad_guard_isotonic,10,10,1,0.49366008867612104,0.008832647871148467,0.1963995178484717,0.014668071632926851,0.018175260848123972,0.009147713410653251,0.50366768240232,0.02004430846039096,0.15938364597214863,0.008572449837161886,0.20333999201307607,0.012173833911979235,0.20056461731493097,0.014164683198813525,0.1998885172798216,0.014773972661242423,0.21523640248493092,0.018648788334742226,0.01684202215377184,0.010875580394919612,Proposed,ood-guard-calibrated-variant,ours_rerun_same_protocol
ChEMBL10k,target,risk_mara_ad_guard_rate,10,10,1,0.49303011454443035,0.01312049891529383,0.19582231193897642,0.016245649282548923,0.05911876638286482,0.010511205419650609,0.5210387255422421,0.021460689309783575,0.16354868510311996,0.008623479014775918,0.2002776263736993,0.01440493413790361,0.19943538268506897,0.014016959046201182,0.19933110367892973,0.014412013420460192,0.21523640248493092,0.018648788334742226,0.01684202215377184,0.010875580394919612,Proposed,ood-guard-rate-matched-variant,ours_rerun_same_protocol
ChEMBL10k,target,risk_mara_dual_blend_rate,10,10,1,0.5155693025662192,0.01550989985656679,0.21628814135857005,0.016748260131110245,0.023949274460408808,0.006326818209996371,0.4999139953048731,0.021341219204335793,0.1595985524424422,0.008989650159845035,0.1940077562906935,0.018200788299809072,0.19121706398996235,0.01565115797190733,0.19364548494983272,0.013797660012597909,0.21523640248493092,0.018648788334742226,0.01684202215377184,0.010875580394919612,Proposed,dual-head-blend-variant,ours_rerun_same_protocol
ChEMBL10k,target,risk_mara_dual_guard_rate,10,10,1,0.5182875780458083,0.01605882715444094,0.21605768380483004,0.016331610270923173,0.02269581980386851,0.006356631950462189,0.49978946999996776,0.02157367614517633,0.15953071280195744,0.008994496648244785,0.19253841190487136,0.018191915232185378,0.19102885821831866,0.015973211799856227,0.19303232998885173,0.013560039814797815,0.21523640248493092,0.018648788334742226,0.01684202215377184,0.010875580394919612,Proposed,dual-head-guard-variant,ours_rerun_same_protocol
ChEMBL10k,target,risk_mara_isotonic,10,10,1,0.5108411780517359,0.010488586954185732,0.2081794968454056,0.015866707082564737,0.025748015594200962,0.007332200269869143,0.5141326778382529,0.02578726609941751,0.16026639541462845,0.00873127715812474,0.19361543634790135,0.015675411211481815,0.195483061480552,0.015051232885448454,0.19364548494983275,0.014864827194525984,0.21523640248493092,0.018648788334742226,0.01684202215377184,0.010875580394919612,Proposed,calibrated-variant,ours_rerun_same_protocol
ChEMBL10k,target,risk_mara_rank_fusion,10,10,1,0.5132052288960229,0.01213014121088784,0.21542748000203876,0.017839509507679457,0.04148841582500247,0.006643026972602411,0.5078373023676963,0.021110990685626302,0.1614522697564284,0.008748335437899666,0.1950243875335192,0.016573148165915957,0.19215809284818064,0.014913613220045396,0.19319955406911926,0.013757567933042425,0.21523640248493092,0.018648788334742226,0.01684202215377184,0.010875580394919612,Proposed,rank-fusion-main,ours_rerun_same_protocol
ChEMBL10k,target,risk_rf_error_predictor,10,10,1,0.5047333245840014,0.014111991093897658,0.21302052805336197,0.019161080069163196,0.24342194506615863,0.01663045762371523,0.6373849367133422,0.00671661201465382,0.22247675614928802,0.0031626947530575982,0.1989018729393589,0.016227440987091675,0.19341279799247177,0.013380417090802704,0.19476031215161646,0.014053014862124331,0.21523640248493092,0.018648788334742226,0.01684202215377184,0.010875580394919612,Direct mechanism competitors,direct-4,rerun_same_protocol
ChEMBL10k,target,risk_scalar_full,10,10,1,0.5182875780458083,0.01605882715444094,0.21605768380483004,0.016331610270923173,0.29822927988915776,0.015611102895247945,0.6913599002281557,0.003984294763739157,0.24900125183027128,0.0019617130360576685,0.19253841190487136,0.018191915232185378,0.19102885821831866,0.015973211799856227,0.19303232998885173,0.013560039814797815,0.21523640248493092,0.018648788334742226,0.01684202215377184,0.010875580394919612,Strong scalar control,control-1,rerun_same_protocol
ChEMBL10k,target,risk_uncertainty_only,10,10,1,0.5065507540125911,0.019972730810918642,0.2036997050287898,0.017898425430094376,0.30182663565266965,0.014650200416283397,0.6935362565620344,0.0006601863591615347,0.25019290530027904,0.0003278023456928821,0.19661008601191102,0.01760866984036862,0.19642409033877034,0.015816945072550995,0.19738015607580822,0.014410216717469863,0.21523640248493092,0.018648788334742226,0.01684202215377184,0.010875580394919612,Recent same-task OOD/UQ,recent-2,rerun_same_protocol
ChEMBL10k,target,risk_validation_knn_error,10,10,1,0.5145961078564956,0.01390650437290536,0.21769194726742896,0.018754860383485613,0.08515370795237989,0.005389589159717847,0.6288879767338004,0.039563199215239736,0.16992395950165146,0.009007299090377412,0.19390297307919943,0.01595430117024997,0.19335006273525718,0.015704155218872397,0.1947603121516165,0.01654849905552233,0.21523640248493092,0.018648788334742226,0.01684202215377184,0.010875580394919612,Direct mechanism competitors,direct-3,rerun_same_protocol
ChEMBL10k,temporal,risk_applicability_domain,10,10,1,0.5362318632318475,0.0,0.2406949775213701,0.0,0.6719360943318164,1.1702778228589004e-16,7.594590531294733,1.8724445165742407e-15,0.6470100765509148,0.0,0.204983589650671,0.0,0.2231974921630094,0.0,0.22618384401114203,2.925694557147251e-17,0.263803680981595,0.0,0.03762514537477459,7.314236392868128e-18,Classic methods,classic-2,rerun_same_protocol
ChEMBL10k,temporal,risk_calibrated_ad,10,10,1,0.5362318632318475,0.0,0.2406949775213701,0.0,0.026906370028751896,3.657118196434064e-18,0.5351973908819116,0.0,0.175229547329882,0.0,0.204983589650671,0.0,0.2231974921630094,0.0,0.22618384401114203,2.925694557147251e-17,0.263803680981595,0.0,0.03762514537477459,7.314236392868128e-18,Direct mechanism competitors,direct-2,rerun_same_protocol
ChEMBL10k,temporal,risk_calibrated_tanimoto,10,10,1,0.5388105642677825,0.0,0.2572335432939886,0.0,0.025696792823736204,3.657118196434064e-18,0.5353798605637862,0.0,0.1752855406959793,0.0,0.2075208382367832,0.0,0.2181818181818181,0.0,0.2206128133704735,0.0,0.263803680981595,0.0,0.03762514537477459,7.314236392868128e-18,Direct mechanism competitors,direct-1,rerun_same_protocol
ChEMBL10k,temporal,risk_conformal_uq,10,10,1,0.4964973063387618,0.0,0.22257096412262684,2.925694557147251e-17,0.32606469702635243,5.851389114294502e-17,1.4206764566743648,2.340555645717801e-16,0.3371940291802581,0.0,0.22769412599733627,2.925694557147251e-17,0.22695924764890277,2.925694557147251e-17,0.22674094707520892,2.925694557147251e-17,0.263803680981595,0.0,0.03762514537477459,7.314236392868128e-18,Recent same-task OOD/UQ,recent-5,rerun_same_protocol
ChEMBL10k,temporal,risk_ensemble_variance,10,10,1,0.4965109578627748,0.0,0.22260264899852808,2.925694557147251e-17,0.2554592065570351,0.0,1.313444327737372,0.0,0.2911168450716152,5.851389114294502e-17,0.22765111671708754,5.851389114294502e-17,0.22695924764890277,2.925694557147251e-17,0.22674094707520892,2.925694557147251e-17,0.263803680981595,0.0,0.03762514537477459,7.314236392868128e-18,Recent same-task OOD/UQ,recent-3,rerun_same_protocol
ChEMBL10k,temporal,risk_isotonic_uq,10,10,1,0.4980679501015242,0.0,0.22505759538441533,5.851389114294502e-17,0.0260949733767544,0.0,0.5371285671975229,0.0,0.1758333670192838,0.0,0.2232451786632247,0.0,0.22695924764890277,2.925694557147251e-17,0.22785515320334254,5.851389114294502e-17,0.263803680981595,0.0,0.03762514537477459,7.314236392868128e-18,Recent same-task OOD/UQ,recent-4,rerun_same_protocol
ChEMBL10k,temporal,risk_knn_tanimoto,10,10,1,0.5388105642677825,0.0,0.2572335432939886,0.0,0.586660046048568,0.0,2.042652949081844,0.0,0.5426852469745301,0.0,0.2075208382367832,0.0,0.2181818181818181,0.0,0.2206128133704735,0.0,0.263803680981595,0.0,0.03762514537477459,7.314236392868128e-18,Classic methods,classic-1,rerun_same_protocol
ChEMBL10k,temporal,risk_mahalanobis,10,10,1,0.461181316667936,0.0021011315871659036,0.20504412088212312,0.0010896879052509304,0.15824738842969024,0.004729041039661553,0.7147737599845181,0.006883398667574476,0.22304359310148789,0.00117223844050214,0.24221606025452588,0.0012803577118596224,0.2410031347962382,0.0019425621799159627,0.23626740947075203,0.0010651536044345331,0.263803680981595,0.0,0.03762514537477459,7.314236392868128e-18,Recent same-task OOD/UQ,recent-1,rerun_same_protocol
ChEMBL10k,temporal,risk_mara,10,10,1,0.5737693869603516,5.6858025494093665e-06,0.2988105421131381,2.241999753400987e-05,0.014704075502602151,2.910169248219382e-06,0.5280801197582099,9.427340267505748e-07,0.17256747390754157,4.1460851372849723e-07,0.19321772712964655,1.8577169659363454e-05,0.20407523510971787,0.00033043653711268796,0.211142061281337,0.0,0.263803680981595,0.0,0.03762514537477459,7.314236392868128e-18,Proposed,main,ours_rerun_same_protocol
ChEMBL10k,temporal,risk_mara_ad_guard,10,10,1,0.5362304262293198,0.0,0.2406949775213701,0.0,0.02686440400279518,4.3357373311520334e-08,0.5351862701257346,8.88177575344378e-09,0.17522608834719827,2.8079681292446955e-09,0.204983589650671,0.0,0.2231974921630094,0.0,0.22618384401114203,2.925694557147251e-17,0.263803680981595,0.0,0.03762514537477459,7.314236392868128e-18,Proposed,ood-guard-variant,ours_rerun_same_protocol
ChEMBL10k,temporal,risk_mara_ad_guard_isotonic,10,10,1,0.5326515714341141,1.1702778228589004e-16,0.23854104483478636,2.925694557147251e-17,0.0232085368876517,0.0,0.5348714203390823,0.0,0.17513456681899747,2.925694557147251e-17,0.20907985400436288,2.925694557147251e-17,0.2231974921630094,0.0,0.22618384401114203,2.925694557147251e-17,0.263803680981595,0.0,0.03762514537477459,7.314236392868128e-18,Proposed,ood-guard-calibrated-variant,ours_rerun_same_protocol
ChEMBL10k,temporal,risk_mara_ad_guard_rate,10,10,1,0.5362304262293198,0.0,0.2406949775213701,0.0,0.03497125317413792,7.559359712573849e-09,0.5414019164875453,1.1009528174206018e-07,0.17589905968385447,1.5244623145272884e-09,0.204983589650671,0.0,0.2231974921630094,0.0,0.22618384401114203,2.925694557147251e-17,0.263803680981595,0.0,0.03762514537477459,7.314236392868128e-18,Proposed,ood-guard-rate-matched-variant,ours_rerun_same_protocol
ChEMBL10k,temporal,risk_mara_dual_blend_rate,10,10,1,0.5688615922275407,0.0006428108498759898,0.2983797675048091,0.00014507960564628757,0.020081073118746552,0.00017188272753713562,0.5279205785018847,6.315485203262012e-05,0.17239557574438336,1.7132269666106517e-05,0.1969896441671569,0.00043058194182662296,0.2021943573667712,0.0005328129063315365,0.2108635097493036,0.0002936190956516381,0.263803680981595,0.0,0.03762514537477459,7.314236392868128e-18,Proposed,dual-head-blend-variant,ours_rerun_same_protocol
ChEMBL10k,temporal,risk_mara_dual_guard_rate,10,10,1,0.5651035432171325,0.000723393473043243,0.2961214586532289,0.00032415823809591463,0.02164791857286223,0.0004266228371390182,0.5283066984963657,6.877291376189011e-05,0.17247009423838836,1.7768117355608538e-05,0.19916327128251138,0.0003810436359021596,0.20432601880877743,0.0006899717458398774,0.21197771587743727,0.0004734465657931991,0.263803680981595,0.0,0.03762514537477459,7.314236392868128e-18,Proposed,dual-head-guard-variant,ours_rerun_same_protocol
ChEMBL10k,temporal,risk_mara_isotonic,10,10,1,0.5587295029551956,0.00023857090065175187,0.26105131591498165,0.00012276384201820396,0.027187085553474582,0.0003114803683183916,0.5543658652431409,3.1818750096566e-05,0.17533006338770102,8.428263246986045e-06,0.20093299235215006,0.0018604391199187314,0.21153605015673976,0.0009439155519863038,0.2131476323119777,0.0011507471409343932,0.263803680981595,0.0,0.03762514537477459,7.314236392868128e-18,Proposed,calibrated-variant,ours_rerun_same_protocol
ChEMBL10k,temporal,risk_mara_rank_fusion,10,10,1,0.56211781121523,0.002207916286555323,0.26889753488860396,0.0018646434167857195,0.022709150039241358,0.002808165428596098,0.5342543727935773,0.0005524388379630867,0.17425901114471368,0.00017028890294895459,0.1965779195276159,0.0011224242380906,0.21097178683385573,0.0016521826855634076,0.21515320334261837,0.0010438974427153319,0.263803680981595,0.0,0.03762514537477459,7.314236392868128e-18,Proposed,rank-fusion-main,ours_rerun_same_protocol
ChEMBL10k,temporal,risk_rf_error_predictor,10,10,1,0.5169589290307562,0.006225075938783824,0.23914483856353383,0.003357100348937183,0.21600388632962697,0.0012374010287430814,0.6405696353064887,0.0007578138103434077,0.22455156896139994,0.00037448901798995337,0.2179089769049948,0.002854464767290743,0.22313479623824448,0.0017347131426915109,0.2233983286908078,0.0010504836117905768,0.263803680981595,0.0,0.03762514537477459,7.314236392868128e-18,Direct mechanism competitors,direct-4,rerun_same_protocol
ChEMBL10k,temporal,risk_scalar_full,10,10,1,0.5651035432171325,0.000723393473043243,0.2961214586532289,0.00032415823809591463,0.2844003495021043,0.00010993161866229892,0.7009311397479995,0.00018360246386029923,0.2534445505073302,8.884481456232173e-05,0.19916327128251138,0.0003810436359021596,0.20432601880877743,0.0006899717458398774,0.21197771587743727,0.0004734465657931991,0.263803680981595,0.0,0.03762514537477459,7.314236392868128e-18,Strong scalar control,control-1,rerun_same_protocol
ChEMBL10k,temporal,risk_uncertainty_only,10,10,1,0.5034890421372251,0.0,0.2327241238409193,0.0,0.27374707223108014,5.851389114294502e-17,0.6930598785705246,0.0,0.2499564107116196,0.0,0.22451308439774773,2.925694557147251e-17,0.22445141065830718,2.925694557147251e-17,0.22228412256267407,2.925694557147251e-17,0.263803680981595,0.0,0.03762514537477459,7.314236392868128e-18,Recent same-task OOD/UQ,recent-2,rerun_same_protocol
ChEMBL10k,temporal,risk_validation_knn_error,10,10,1,0.520376695842608,0.0,0.2444912035584271,0.0,0.0804131154353689,0.0,0.6887655552657287,0.0,0.1848486463617262,0.0,0.216396363421229,0.0,0.21943573667711597,2.925694557147251e-17,0.22172701949860724,2.925694557147251e-17,0.263803680981595,0.0,0.03762514537477459,7.314236392868128e-18,Direct mechanism competitors,direct-3,rerun_same_protocol
MoleculeACE30,random,risk_applicability_domain,300,10,30,0.6379358304751078,0.06840569815191723,0.32694729675795486,0.08337149221201523,0.21411430306773435,0.07805162298153787,1.0492329349251235,0.7694012437831523,0.22248751337384723,0.05592091124068977,0.14871879845373012,0.041304348733446565,0.17172657528429108,0.040258511951097864,0.18400224441687446,0.038168361723390686,0.3072914349610843,0.09021380384452797,0.10321983468364666,0.07836494329994001,Classic methods,classic-2,rerun_same_protocol
MoleculeACE30,random,risk_calibrated_ad,300,10,30,0.6379358304751078,0.06840569815191723,0.32694729675795486,0.08337149221201523,0.04491350015692261,0.025258573549459647,0.4859048711739183,0.05458457958532536,0.15553980658258235,0.022438385527387646,0.14871879845373012,0.041304348733446565,0.17172657528429108,0.040258511951097864,0.18400224441687446,0.038168361723390686,0.3072914349610843,0.09021380384452797,0.10321983468364666,0.07836494329994001,Direct mechanism competitors,direct-2,rerun_same_protocol
MoleculeACE30,random,risk_calibrated_tanimoto,300,10,30,0.6360838941457239,0.06319861865905178,0.33711764633972063,0.083799980373086,0.04468851328388708,0.02496135165379429,0.4862210921614064,0.053436528370855,0.1555077143473897,0.022218530674116103,0.15098329502705807,0.0398246018818128,0.16968703435253868,0.03894816798482079,0.18314714664609041,0.03766675566577375,0.3072914349610843,0.09021380384452797,0.10321983468364666,0.07836494329994001,Direct mechanism competitors,direct-1,rerun_same_protocol
MoleculeACE30,random,risk_conformal_uq,300,10,30,0.589771823129774,0.06168719545498306,0.27016649727894015,0.06307143715225243,0.3324886844992474,0.03668554070900593,1.7992476962268422,0.601840459307565,0.3157102370068121,0.0282779136704471,0.16806398378330387,0.04065159035184868,0.18297574162823405,0.03917541935848892,0.1923456345716944,0.03862801954067499,0.3072914349610843,0.09021380384452797,0.10321983468364666,0.07836494329994001,Recent same-task OOD/UQ,recent-5,rerun_same_protocol
MoleculeACE30,random,risk_ensemble_variance,300,10,30,0.5897417847220822,0.06160227675059183,0.27068369792929226,0.06338886989468871,0.31063865310244815,0.0744286560667839,1.7959667259153613,0.6916417688946986,0.3046275351073109,0.054614627181488816,0.16808331412972202,0.04068681168341032,0.18292839696182664,0.038976860046474805,0.19224810863815794,0.03860985638840103,0.3072914349610843,0.09021380384452797,0.10321983468364666,0.07836494329994001,Recent same-task OOD/UQ,recent-3,rerun_same_protocol
MoleculeACE30,random,risk_isotonic_uq,300,10,30,0.5817594581146921,0.059594040064677646,0.25301506628341086,0.05686106886855356,0.049697988495207956,0.02700461940379107,0.537482144413695,0.0985951849834807,0.16146221272428654,0.022005850365773183,0.17091209715843264,0.04072316069294384,0.1843494172517679,0.03938975935345536,0.19410738669593447,0.03881594540570029,0.3072914349610843,0.09021380384452797,0.10321983468364666,0.07836494329994001,Recent same-task OOD/UQ,recent-4,rerun_same_protocol
MoleculeACE30,random,risk_knn_tanimoto,300,10,30,0.6360838941457239,0.06319861865905178,0.33711764633972063,0.083799980373086,0.16346909287908956,0.05474405795146619,0.6724691703511668,0.1296432823658732,0.19421926658200975,0.03422717595497514,0.15098329502705807,0.0398246018818128,0.16968703435253868,0.03894816798482079,0.18314714664609041,0.03766675566577375,0.3072914349610843,0.09021380384452797,0.10321983468364666,0.07836494329994001,Classic methods,classic-1,rerun_same_protocol
MoleculeACE30,random,risk_mahalanobis,300,10,30,0.421515459095941,0.08973807393463518,0.19115334992652194,0.06372916210359883,0.3095699405492325,0.0659758501123775,0.9280127919447447,0.14637540175014574,0.29365425539848694,0.04536201042974389,0.24092004189822536,0.053526857967263475,0.21494746802948195,0.04359917569996941,0.20999646941655692,0.04019016315359203,0.3072914349610843,0.09021380384452797,0.10321983468364666,0.07836494329994001,Recent same-task OOD/UQ,recent-1,rerun_same_protocol
MoleculeACE30,random,risk_mara,300,10,30,0.6922236848987479,0.06034136332916755,0.37215808277470763,0.08861172937775315,0.05185288773506125,0.024623294403450856,0.4673296024693619,0.056474754031830526,0.15003375664617574,0.02187212077715206,0.123216538653227,0.03470861860339763,0.16255394961564318,0.03817823434251973,0.18094454138253918,0.03826310313870904,0.3072914349610843,0.09021380384452797,0.10321983468364666,0.07836494329994001,Proposed,main,ours_rerun_same_protocol
MoleculeACE30,random,risk_mara_ad_guard,300,10,30,0.6448313558501901,0.06812718302383979,0.33028150253444255,0.08634992720743725,0.04480191732532902,0.02448860679678224,0.4837928972658918,0.05502349701146842,0.15486419674815438,0.02234484421761081,0.14507844455553037,0.040454730285606595,0.1709426041148844,0.040395961385400865,0.18379864552459974,0.038119818152448755,0.3072914349610843,0.09021380384452797,0.10321983468364666,0.07836494329994001,Proposed,ood-guard-variant,ours_rerun_same_protocol
MoleculeACE30,random,risk_mara_ad_guard_isotonic,300,10,30,0.6371837148037082,0.06704138126609008,0.3017556300564469,0.07817937662664343,0.052078200730717325,0.025071543612250075,0.5307740130258899,0.10574297142316409,0.1565928139563508,0.022075604423481745,0.14891121885255576,0.04156835413781419,0.17236176739131076,0.03929698052282571,0.18524784587983895,0.037817948647508905,0.3072914349610843,0.09021380384452797,0.10321983468364666,0.07836494329994001,Proposed,ood-guard-calibrated-variant,ours_rerun_same_protocol
MoleculeACE30,random,risk_mara_ad_guard_rate,300,10,30,0.6448159402029908,0.06812949226296473,0.3293608725043875,0.08606054902157245,0.1033697731111707,0.03121771202909416,0.5987137663422253,0.1203962008295746,0.17012955236090818,0.02569965743635544,0.1450799687781408,0.04045652783071157,0.1709426041148844,0.040395961385400865,0.18379864552459974,0.038119818152448755,0.3072914349610843,0.09021380384452797,0.10321983468364666,0.07836494329994001,Proposed,ood-guard-rate-matched-variant,ours_rerun_same_protocol
MoleculeACE30,random,risk_mara_dual_blend_rate,300,10,30,0.6937060930468664,0.060448509717430265,0.37314707808910325,0.08774053778071393,0.0685949281376713,0.0271488996198502,0.4861967640602693,0.06508510584161795,0.1534744511251003,0.02227753193420139,0.12250126876597989,0.03469324838319226,0.16223993770430592,0.03871193436857873,0.18085925138080877,0.03823984461708995,0.3072914349610843,0.09021380384452797,0.10321983468364666,0.07836494329994001,Proposed,dual-head-blend-variant,ours_rerun_same_protocol
MoleculeACE30,random,risk_mara_dual_guard_rate,300,10,30,0.6921366019056316,0.061169826139722855,0.37260435679464754,0.08853098435598333,0.05725839219660393,0.023677013246470757,0.4689955551873543,0.05930730447060521,0.15061446371499204,0.02195142576699899,0.12325055668951694,0.03486860868719166,0.16261234020783982,0.03796740314855413,0.1808971401342781,0.03833311981238824,0.3072914349610843,0.09021380384452797,0.10321983468364666,0.07836494329994001,Proposed,dual-head-guard-variant,ours_rerun_same_protocol
MoleculeACE30,random,risk_mara_isotonic,300,10,30,0.685165023495689,0.05956922006661409,0.3376461626306316,0.07918071740557954,0.0606573724947431,0.026431480072543312,0.5312892443697576,0.11513176315917661,0.1540515752397313,0.02225193404564364,0.12644724638840954,0.03585845429625414,0.16395117080369867,0.03813735897948729,0.18199293154662957,0.03827835865861736,0.3072914349610843,0.09021380384452797,0.10321983468364666,0.07836494329994001,Proposed,calibrated-variant,ours_rerun_same_protocol
MoleculeACE30,random,risk_mara_rank_fusion,300,10,30,0.704281024978621,0.05799505292485016,0.382883234444921,0.08401582575601642,0.049670026854666434,0.02423169219719849,0.46535085731127773,0.052053401544235545,0.1497632664644846,0.021120293257870244,0.11893409971766158,0.03551611926823317,0.1603733127742065,0.03787560571916657,0.17923524697400717,0.037328329803554404,0.3072914349610843,0.09021380384452797,0.10321983468364666,0.07836494329994001,Proposed,rank-fusion-main,ours_rerun_same_protocol
MoleculeACE30,random,risk_rf_error_predictor,300,10,30,0.669685927014416,0.06320658266433386,0.34928420641682706,0.08181483313049982,0.13823170242590477,0.029704505566975188,0.5286479417758534,0.044302273994434,0.17607009835849308,0.017205765422022457,0.1333392530595113,0.039644845243445366,0.1682788957381968,0.03929355464992098,0.18342546771959495,0.0385636161655164,0.3072914349610843,0.09021380384452797,0.10321983468364666,0.07836494329994001,Direct mechanism competitors,direct-4,rerun_same_protocol
MoleculeACE30,random,risk_scalar_full,300,10,30,0.6921314304580674,0.06118146191541012,0.37260371544320425,0.08853264290820428,0.2553244928382739,0.0374592990614191,0.6258035622306432,0.04231229222341644,0.21789441959116776,0.019135938922113706,0.12325698348323087,0.03487379427576779,0.16261234020783982,0.03796740314855413,0.1808971401342781,0.03833311981238824,0.3072914349610843,0.09021380384452797,0.10321983468364666,0.07836494329994001,Strong scalar control,control-1,rerun_same_protocol
MoleculeACE30,random,risk_uncertainty_only,300,10,30,0.5840610538093379,0.06917708981983554,0.2682902657014951,0.06483723490568882,0.2868011042892378,0.03792814579280163,0.6783618186499297,0.021191057102587812,0.24270693572889337,0.01011360510310467,0.1706652086474233,0.0433841252189709,0.18417278195248227,0.03998478158202532,0.192876854914411,0.03900544487597394,0.3072914349610843,0.09021380384452797,0.10321983468364666,0.07836494329994001,Recent same-task OOD/UQ,recent-2,rerun_same_protocol
MoleculeACE30,random,risk_validation_knn_error,300,10,30,0.6142566723494365,0.06860391062367968,0.30303915819215443,0.07503033983206712,0.07252215015017292,0.026390207547821867,0.6001275902738307,0.1340474705084016,0.16170615794804505,0.024404962158438587,0.1570304470123839,0.04476371266643151,0.18019014642067707,0.04047393020971781,0.1899848394839144,0.03850744290232957,0.3072914349610843,0.09021380384452797,0.10321983468364666,0.07836494329994001,Direct mechanism competitors,direct-3,rerun_same_protocol
MoleculeACE30,scaffold,risk_applicability_domain,300,10,30,0.655994633076374,0.0872622672496163,0.3306464391898491,0.1107178348858415,0.37802605923382504,0.0947917264229797,2.1734604924620884,1.5010982795703731,0.3282836636119755,0.08905761967443675,0.14060350425986395,0.056725636632335964,0.1654501528883339,0.05103942625151339,0.18256797484684117,0.049469719437851195,0.2684241000256384,0.1009582834847353,0.06600780095498988,0.07037587654561672,Classic methods,classic-2,rerun_same_protocol
MoleculeACE30,scaffold,risk_calibrated_ad,300,10,30,0.6542143300460708,0.08985217811297991,0.32923364880318257,0.11300942164251164,0.05338885376869095,0.026325385968655638,0.47947459444487417,0.062359645497263125,0.15335268048514802,0.026109804067916798,0.14092710373808917,0.056594659952588694,0.16617742561560664,0.05043281539658352,0.18299808237372286,0.04897016552878749,0.2684241000256384,0.1009582834847353,0.06600780095498988,0.07037587654561672,Direct mechanism competitors,direct-2,rerun_same_protocol
MoleculeACE30,scaffold,risk_calibrated_tanimoto,300,10,30,0.6586181159791252,0.08840175508675122,0.3417871490392844,0.10631978518679897,0.05999586367379358,0.028945394425415306,0.47970540111341997,0.06315234086480341,0.15332108160449578,0.026333023451057484,0.14000585784928143,0.05547753807260486,0.16422430495707835,0.05250241286589924,0.18195971242555284,0.049256608246957954,0.2684241000256384,0.1009582834847353,0.06600780095498988,0.07037587654561672,Direct mechanism competitors,direct-1,rerun_same_protocol
MoleculeACE30,scaffold,risk_conformal_uq,300,10,30,0.5903749822871924,0.06035349608855067,0.26379383137836604,0.07384728337356924,0.34491851003567947,0.04312185675052687,2.545116956262911,0.8282894206755306,0.33431565931602963,0.03801776088886617,0.16560830649817396,0.044011389654182505,0.18462597015820337,0.052374611211485476,0.1930301866491134,0.04967631979684755,0.2684241000256384,0.1009582834847353,0.06600780095498988,0.07037587654561672,Recent same-task OOD/UQ,recent-5,rerun_same_protocol
MoleculeACE30,scaffold,risk_ensemble_variance,300,10,30,0.5903975852774648,0.06024533901501625,0.26409193990445523,0.0739511799210073,0.3913550776264802,0.07489282645381844,2.6582158335819144,0.8932075372607017,0.3686060285778792,0.060498171273723256,0.16557439161912405,0.044017011168089155,0.1847082434991053,0.05254456746604828,0.192578498011276,0.04956934245443425,0.2684241000256384,0.1009582834847353,0.06600780095498988,0.07037587654561672,Recent same-task OOD/UQ,recent-3,rerun_same_protocol
MoleculeACE30,scaffold,risk_isotonic_uq,300,10,30,0.5795669670308108,0.0513254489388919,0.2466250136185315,0.052272851087631085,0.054095210403593545,0.025847787558580866,0.5344498042292596,0.10657789901830178,0.1607782158534645,0.02633651875568913,0.17007069347696122,0.05198682651703123,0.1835958835542382,0.04931897912302285,0.1939384693209732,0.048262704175509895,0.2684241000256384,0.1009582834847353,0.06600780095498988,0.07037587654561672,Recent same-task OOD/UQ,recent-4,rerun_same_protocol
MoleculeACE30,scaffold,risk_knn_tanimoto,300,10,30,0.6586181159791252,0.08840175508675122,0.3417871490392844,0.10631978518679897,0.30734045362784995,0.08313089358197973,1.2006568411465544,0.5464853903010929,0.2758939895133033,0.07163820957934368,0.14000585784928143,0.05547753807260486,0.16422430495707835,0.05250241286589924,0.18195971242555284,0.049256608246957954,0.2684241000256384,0.1009582834847353,0.06600780095498988,0.07037587654561672,Classic methods,classic-1,rerun_same_protocol
MoleculeACE30,scaffold,risk_mahalanobis,300,10,30,0.4058497000092359,0.08325442556356995,0.18087798647849013,0.06413648142664168,0.27593458959443795,0.05553777885492163,0.9400661372598969,0.2578525920328101,0.27022208186491353,0.035884267212808865,0.24446043321513514,0.0644023802683646,0.2180435276711403,0.04985437193547386,0.21004981940581005,0.044826647127231695,0.2684241000256384,0.1009582834847353,0.06600780095498988,0.07037587654561672,Recent same-task OOD/UQ,recent-1,rerun_same_protocol
MoleculeACE30,scaffold,risk_mara,300,10,30,0.6787709612926787,0.06799695282051918,0.3512936242107284,0.08259205141225238,0.057957481762815136,0.029092514544071173,0.47310194055294696,0.06418999913687759,0.15183503732714831,0.02551838981561787,0.1283317778703532,0.049519702747698346,0.16243689027140373,0.048147285133924564,0.1809748366214415,0.045348600568117875,0.2684241000256384,0.1009582834847353,0.06600780095498988,0.07037587654561672,Proposed,main,ours_rerun_same_protocol
MoleculeACE30,scaffold,risk_mara_ad_guard,300,10,30,0.6550524834180977,0.09111873083346753,0.3298901082548081,0.11521606854573346,0.05258846277715286,0.024719286155058,0.4785822681930611,0.06368667353814934,0.15303860709299186,0.02650901659659854,0.14049402480597384,0.05688986808411233,0.16651756167002843,0.04996092611231554,0.18269778207342258,0.049069624952704456,0.2684241000256384,0.1009582834847353,0.06600780095498988,0.07037587654561672,Proposed,ood-guard-variant,ours_rerun_same_protocol
MoleculeACE30,scaffold,risk_mara_ad_guard_isotonic,300,10,30,0.6465703073466155,0.08174213258545737,0.3062109464662065,0.09591369453869203,0.05119541880765706,0.02355113955720398,0.49787151426989285,0.06854837253835855,0.15356287700931873,0.026922559679253867,0.14436271124819267,0.055665063747935915,0.1709142823484108,0.047743522273261216,0.18344794344999804,0.04923986300453089,0.2684241000256384,0.1009582834847353,0.06600780095498988,0.07037587654561672,Proposed,ood-guard-calibrated-variant,ours_rerun_same_protocol
MoleculeACE30,scaffold,risk_mara_ad_guard_rate,300,10,30,0.6568062712968856,0.08858014249089478,0.3313008857769583,0.11296389436106903,0.08248334242065249,0.037027655417582565,0.4972381247059392,0.08076180444337126,0.15817065311502929,0.028710719699575966,0.1401451003403717,0.05702994834650777,0.1657902889427557,0.0505781049394892,0.1822676745465409,0.04956556199163883,0.2684241000256384,0.1009582834847353,0.06600780095498988,0.07037587654561672,Proposed,ood-guard-rate-matched-variant,ours_rerun_same_protocol
MoleculeACE30,scaffold,risk_mara_dual_blend_rate,300,10,30,0.6840744920903348,0.06511864230305774,0.35575625230808033,0.0834434467137836,0.07370893582033143,0.03286402004462502,0.48735663258865713,0.07582753280035115,0.1546855200682156,0.026316754022997994,0.1253871066984336,0.04844054566978678,0.1626634782624699,0.049306023707691646,0.18059910008065805,0.04535996119071264,0.2684241000256384,0.1009582834847353,0.06600780095498988,0.07037587654561672,Proposed,dual-head-blend-variant,ours_rerun_same_protocol
MoleculeACE30,scaffold,risk_mara_dual_guard_rate,300,10,30,0.6828296483702267,0.06376503167271634,0.3569374076660512,0.0875291808291573,0.06071693163758378,0.02965617572759634,0.4721213996550312,0.0660685839515583,0.1517194647840922,0.025593459549236634,0.12582730846237947,0.04803425321579006,0.16413136142681334,0.04938363288094147,0.17978835517407618,0.044978648564624996,0.2684241000256384,0.1009582834847353,0.06600780095498988,0.07037587654561672,Proposed,dual-head-guard-variant,ours_rerun_same_protocol
MoleculeACE30,scaffold,risk_mara_isotonic,300,10,30,0.6721979052288964,0.062209876424179765,0.3192774751098537,0.06478983572411408,0.06562499979857134,0.03552232637466393,0.5457788243932447,0.14131452576050335,0.15610477564916542,0.026683337924726613,0.12948441926141233,0.04917706463473371,0.16668539527797457,0.04664747504551154,0.1815220022306979,0.0438979673980753,0.2684241000256384,0.1009582834847353,0.06600780095498988,0.07037587654561672,Proposed,calibrated-variant,ours_rerun_same_protocol
MoleculeACE30,scaffold,risk_mara_rank_fusion,300,10,30,0.7047736423846881,0.06193357966124318,0.3810553117783413,0.08964562002889798,0.05726677529490511,0.027825699490212602,0.46798481872871683,0.05883697939616126,0.1505597990239401,0.02479553721190604,0.1177434002402434,0.045436815142114846,0.15830551523375502,0.046564283930096324,0.17808433180716524,0.04506408107975074,0.2684241000256384,0.1009582834847353,0.06600780095498988,0.07037587654561672,Proposed,rank-fusion-main,ours_rerun_same_protocol
MoleculeACE30,scaffold,risk_rf_error_predictor,300,10,30,0.6573457347696674,0.0606675465937411,0.3425282642753304,0.0825599942618559,0.1485399774357825,0.03843868172430185,0.5391305183465227,0.044713108059293696,0.18028483270132412,0.018352671230231588,0.13778599817755774,0.051596749072750026,0.16930583332021298,0.047147366349030724,0.18302988568433215,0.04496385053515271,0.2684241000256384,0.1009582834847353,0.06600780095498988,0.07037587654561672,Direct mechanism competitors,direct-4,rerun_same_protocol
MoleculeACE30,scaffold,risk_scalar_full,300,10,30,0.6828296483702267,0.06376503167271634,0.3569374076660512,0.0875291808291573,0.26622905206450526,0.04530076160673417,0.6392870637060998,0.0388590476172261,0.22413329917097477,0.018151736977556846,0.12582730846237947,0.04803425321579006,0.16413136142681334,0.04938363288094147,0.17978835517407618,0.044978648564624996,0.2684241000256384,0.1009582834847353,0.06600780095498988,0.07037587654561672,Strong scalar control,control-1,rerun_same_protocol
MoleculeACE30,scaffold,risk_uncertainty_only,300,10,30,0.5895187403308233,0.061358778531184606,0.2638508632770336,0.07436867723079305,0.2866209441202393,0.04420267488165799,0.6764932770686222,0.021068352816264072,0.2419123908722517,0.010142439930193748,0.1650556594218836,0.044715749854480326,0.1840966227039983,0.053299864698609076,0.19285172205499185,0.0492048440660277,0.2684241000256384,0.1009582834847353,0.06600780095498988,0.07037587654561672,Recent same-task OOD/UQ,recent-2,rerun_same_protocol
MoleculeACE30,scaffold,risk_validation_knn_error,300,10,30,0.6284534229602488,0.06198644226778501,0.3031634144660863,0.08156409497488874,0.08095387344169436,0.032069197620691575,0.5897968720162987,0.11693611467635766,0.16158471539952687,0.025437034773319014,0.1472236585979937,0.041947041811755625,0.17439946452050137,0.03987772608203893,0.1882299374874379,0.03910845461303152,0.2684241000256384,0.1009582834847353,0.06600780095498988,0.07037587654561672,Direct mechanism competitors,direct-3,rerun_same_protocol
