baseline,metric,n,mean_advantage,median_advantage,win_rate,wilcoxon_greater_p,bootstrap_ci95_low,bootstrap_ci95_high,holm_p_all_tests,holm_significant_0p05
risk_applicability_domain,risk_coverage_auc,680,0.0243526115120301,0.0214471173887904,0.9,1.0242431967911251e-104,0.0228995875348573,0.0257493421466027,1.0652129246627701e-102,True
risk_applicability_domain,risk_ece_10bin,680,0.2821693342960286,0.2512902605888469,0.9941176470588236,3.013809781592372e-113,0.270240126566472,0.2947983241716994,4.038505107333779e-111,True
risk_applicability_domain,selective_risk_at_90,680,0.0046733727013895,0.0054054054054053,0.638235294117647,2.742178354427324e-28,0.0038765656721898,0.0054569250606789,8.500752898724705e-27,True
risk_applicability_domain,failure_auroc,680,0.0535068698074784,0.0495816929133857,0.8970588235294118,2.1704613169239902e-99,0.0502214115271654,0.0568689976718242,2.0402336379085507e-97,True
risk_applicability_domain,failure_auprc,680,0.0495803154225127,0.0447431589106286,0.8720588235294118,3.515127155645861e-88,0.046134195195099,0.0529945330882372,2.8472529960731474e-86,True
risk_applicability_domain,risk_brier,680,0.1587831985298236,0.1130181816793613,0.9926470588235294,3.486542708621898e-113,0.149211571682211,0.1690031606423764,4.5673709482946864e-111,True
risk_applicability_domain,selective_risk_at_80,680,0.0089750545302262,0.0085106382978724,0.6926470588235294,8.627539320708444e-42,0.0078330040300312,0.0100805687044805,3.4366478072534725e-40,True
risk_applicability_domain,risk_nll,680,1.634511897920112,0.8148430527763345,0.9955882352941176,3.1221796521330206e-113,1.489086978847408,1.790288994088944,4.1524989373369176e-111,True
risk_calibrated_ad,risk_coverage_auc,680,0.024578664792347,0.0215200962259998,0.901470588235294,1.0506557386492417e-104,0.023107693934368,0.0259859969970669,1.0821754108087189e-102,True
risk_calibrated_ad,risk_ece_10bin,680,-0.0051932575397995,-0.0033692847758893,0.4117647058823529,0.999999998575692,-0.0066646962105769,-0.0036287882529339,1.0,False
risk_calibrated_ad,selective_risk_at_90,680,0.0048737842903499,0.0054054054054053,0.638235294117647,4.770722804190801e-29,0.0040655901906394,0.0056566122132456,1.5743385253829642e-27,True
risk_calibrated_ad,failure_auroc,680,0.054312904844915,0.0498274219170709,0.8955882352941177,2.691880115423127e-99,0.0508666035198889,0.0577967299437576,2.503448507343508e-97,True
risk_calibrated_ad,failure_auprc,680,0.0502174788374666,0.044874710743923,0.8720588235294118,3.626167417990816e-88,0.0466526991269221,0.0536900705854207,2.9009339343926527e-86,True
risk_calibrated_ad,risk_brier,680,0.0038034396888155,0.0040860692083366,0.8588235294117647,8.715503128402792e-77,0.0034378320025111,0.0041571193448122,5.926542127313899e-75,True
risk_calibrated_ad,selective_risk_at_80,680,0.0093346670903916,0.0085215307530317,0.6926470588235294,3.765870912672435e-42,0.0081540899025492,0.0104954366651092,1.5816657833224227e-40,True
risk_calibrated_ad,risk_nll,680,0.0141015346343112,0.0153654382638147,0.8602941176470589,3.669329657077999e-82,0.0130066296624684,0.0151555463575268,2.6419173530961593e-80,True
risk_calibrated_tanimoto,risk_coverage_auc,680,0.0252271830343126,0.0257361563409367,0.9044117647058824,5.326833846366546e-100,0.0237260508966762,0.0267153310956591,5.113760492511884e-98,True
risk_calibrated_tanimoto,risk_ece_10bin,680,-0.0022823659683789,-0.0035724587663776,0.4294117647058823,0.9998438272654062,-0.0038407747262081,-0.000702370109839,1.0,False
risk_calibrated_tanimoto,selective_risk_at_90,680,0.0037315290501024,0.0040473574717748,0.5941176470588235,3.1230370415700245e-19,0.002919267666199,0.0045261430304869,7.182985195611057e-18,True
risk_calibrated_tanimoto,failure_auroc,680,0.0529088934216345,0.0530502099291545,0.8823529411764706,1.0323963829151068e-91,0.0494634406280449,0.0562899415824548,8.672129616486897e-90,True
risk_calibrated_tanimoto,failure_auprc,680,0.0393085520665885,0.0381299441681659,0.8411764705882353,8.911081374278359e-69,0.0355649768951642,0.0426275745337435,5.435759638309799e-67,True
risk_calibrated_tanimoto,risk_brier,680,0.0037818606564946,0.0042255150495245,0.8176470588235294,1.3085761155482172e-73,0.0034423051968445,0.0040959129262607,8.37488713950859e-72,True
risk_calibrated_tanimoto,selective_risk_at_80,680,0.007091216055814,0.007424759148897,0.6544117647058824,5.299062894233162e-31,0.0060040132385958,0.0081871298468387,1.96065327086627e-29,True
risk_calibrated_tanimoto,risk_nll,680,0.014370871047843,0.0166083607083884,0.8441176470588235,2.905315732339393e-83,0.0133129041180387,0.0153722957854654,2.120880484607757e-81,True
risk_conformal_uq,risk_coverage_auc,680,0.0452886517416574,0.0464647283599248,0.961764705882353,4.347959072110756e-112,0.0435124162144364,0.0470810445356103,5.0871121143695846e-110,True
risk_conformal_uq,risk_ece_10bin,680,0.2876888958630496,0.2958204424553283,1.0,2.6281818569745956e-113,0.283849869851402,0.2916173896879775,3.994836422601385e-111,True
risk_conformal_uq,selective_risk_at_90,680,0.0130538568645028,0.0125523012552301,0.788235294117647,2.662843101482897e-81,0.0121102037556388,0.0140007961665614,1.863990171038028e-79,True
risk_conformal_uq,failure_auroc,680,0.106511917789021,0.107620394116444,0.9647058823529412,7.494178783294975e-112,0.1022548095855886,0.1107934769968403,8.543363812956271e-110,True
risk_conformal_uq,failure_auprc,680,0.1053174808892494,0.1061829435309153,0.9676470588235294,2.4662627479989473e-112,0.100450081149538,0.1097855372472591,2.9841779250787264e-110,True
risk_conformal_uq,risk_brier,680,0.1740507357429351,0.1689826055125206,1.0,2.6281818569745956e-113,0.171245600820705,0.1770187244709507,3.994836422601385e-111,True
risk_conformal_uq,selective_risk_at_80,680,0.0226843101694485,0.0204081632653061,0.8558823529411764,3.898806863586279e-95,0.0212896534544428,0.0241304916050678,3.3529739026842e-93,True
risk_conformal_uq,risk_nll,680,1.603869201825446,1.3956149033368517,1.0,2.6281818569745956e-113,1.5432352848171451,1.664001103018412,3.994836422601385e-111,True
risk_ensemble_variance,risk_coverage_auc,680,0.0452854908938302,0.0463192484067519,0.961764705882353,5.683707945802551e-112,0.0435224793127785,0.0470887216951848,6.536264137672933e-110,True
risk_ensemble_variance,risk_ece_10bin,680,0.2887424541662624,0.2756508762345103,1.0,2.6281818569745956e-113,0.2823647238405242,0.2951060219498148,3.994836422601385e-111,True
risk_ensemble_variance,selective_risk_at_90,680,0.0128033407415749,0.0119143088844837,0.7867647058823529,7.475438033625304e-81,0.0118706469279464,0.0137521317046277,5.15805224320146e-79,True
risk_ensemble_variance,failure_auroc,680,0.1065146257358427,0.1076031000584405,0.9647058823529412,8.289960665094589e-112,0.102239654815938,0.1108053784109298,9.367655551556885e-110,True
risk_ensemble_variance,failure_auprc,680,0.1049511704687044,0.1058959922187584,0.9691176470588236,2.6113632456243693e-112,0.1000897719484126,0.1094069247544664,3.1336358947492434e-110,True
risk_ensemble_variance,risk_brier,680,0.1775116110540094,0.1663733528535975,1.0,2.6281818569745956e-113,0.1722802799939886,0.1828279533766791,3.994836422601385e-111,True
risk_ensemble_variance,selective_risk_at_80,680,0.0226978729845426,0.0204081632653061,0.8602941176470589,2.2782047602854116e-95,0.021305947621214,0.0241641507775978,1.9820381414483082e-93,True
risk_ensemble_variance,risk_nll,680,1.636981627739072,1.4398381856965785,1.0,2.6281818569745956e-113,1.5680299951641146,1.7036602530609295,3.994836422601385e-111,True
risk_isotonic_uq,risk_coverage_auc,680,0.0485746498438224,0.0488656034259563,0.9794117647058824,6.728002481051898e-113,0.0467587348834542,0.0503848422038391,8.54456315093591e-111,True
risk_isotonic_uq,risk_ece_10bin,680,-0.0022275465218985,-0.0024557897079014,0.4661764705882353,0.9604954122421636,-0.0041983443175105,-0.0001156223480823,1.0,False
risk_isotonic_uq,selective_risk_at_90,680,0.0142415805203023,0.0121765208015096,0.8294117647058824,7.243640736122798e-88,0.0131803244817112,0.0152679507047142,5.7224761815370104e-86,True
risk_isotonic_uq,failure_auroc,680,0.1149944684228446,0.1171793902378435,0.9823529411764704,7.000267356569385e-113,0.1107730097746119,0.1193662504406773,8.750334195711731e-111,True
risk_isotonic_uq,failure_auprc,680,0.1209028226490626,0.1172713715778155,0.9955882352941176,2.7712406023192206e-113,0.1158401232282891,0.1260131540595518,3.994836422601385e-111,True
risk_isotonic_uq,risk_brier,680,0.009835031584941,0.0098382587241772,0.9602941176470589,4.696759844555024e-111,0.0093926238809748,0.0102800147189422,5.260371025901627e-109,True
risk_isotonic_uq,selective_risk_at_80,680,0.0230603842803623,0.019419306184012,0.8558823529411764,1.603592959036325e-93,0.0215203275721623,0.0245432004317282,1.3630540151808762e-91,True
risk_isotonic_uq,risk_nll,680,0.0616245400300262,0.0388383682434629,0.9529411764705882,2.7152224178753735e-110,0.0565952123478431,0.0667629517976944,2.9324402113054034e-108,True
risk_knn_tanimoto,risk_coverage_auc,680,0.0251054340238485,0.0255036101792371,0.901470588235294,1.016487597503541e-99,0.0236009664610913,0.0265833653996393,9.656632176283638e-98,True
risk_knn_tanimoto,risk_ece_10bin,680,0.2176113658981465,0.1892807966107242,0.9852941176470588,4.790669386400736e-113,0.2072156822563358,0.2287527249166343,6.179963508456949e-111,True
risk_knn_tanimoto,selective_risk_at_90,680,0.0036643005369038,0.003901895206243,0.5897058823529412,1.0784147345027985e-18,0.0028484983141054,0.0044644809125134,2.372512415906157e-17,True
risk_knn_tanimoto,failure_auroc,680,0.0526819274657786,0.0526652580224009,0.8808823529411764,2.400946999118373e-91,0.0492164754481938,0.0560908279849797,1.9927860092682495e-89,True
risk_knn_tanimoto,failure_auprc,680,0.0390912847191038,0.0378994205785782,0.836764705882353,1.858766522704962e-68,0.0353506772432706,0.042431109414863,1.1152599136229773e-66,True
risk_knn_tanimoto,risk_brier,680,0.1113456207372631,0.0759803288012351,0.976470588235294,6.728002481051898e-113,0.1040137742536759,0.1192917038239462,8.54456315093591e-111,True
risk_knn_tanimoto,selective_risk_at_80,680,0.0069878769591656,0.0068634084300769,0.6485294117647059,2.487522170470846e-30,0.0059084507677105,0.0080898360058931,8.706327596647961e-29,True
risk_knn_tanimoto,risk_nll,680,0.6041000376849783,0.3759087752918708,0.9955882352941176,2.734763350181057e-113,0.5590422602787315,0.6519211711934578,3.994836422601385e-111,True
risk_mahalanobis,risk_coverage_auc,680,0.1141770259768484,0.1179323104392366,0.9970588235294118,2.7227110712939556e-113,0.1100775380677332,0.1181656770391565,3.994836422601385e-111,True
risk_mahalanobis,risk_ece_10bin,680,0.2251169626224236,0.2275249048302717,0.998529411764706,2.6398164980450183e-113,0.2191344189304882,0.2311268994354472,3.994836422601385e-111,True
risk_mahalanobis,selective_risk_at_90,680,0.029021059775408,0.0290510127531883,0.9720588235294118,1.6770802090235446e-110,0.0277898954982534,0.0302352246944326,1.8280174278356637e-108,True
risk_mahalanobis,failure_auroc,680,0.267100070979087,0.2784578864413948,0.998529411764706,2.6514993165486584e-113,0.2582343368528415,0.2758360980271237,3.994836422601385e-111,True
risk_mahalanobis,failure_auprc,680,0.1794198672570577,0.18359250087308,0.9970588235294118,2.6987653172444906e-113,0.1731780105065629,0.1856923244558979,3.994836422601385e-111,True
risk_mahalanobis,risk_brier,680,0.1214219032557018,0.1237242123290197,0.998529411764706,2.6515025434811334e-113,0.1175164384993148,0.1252604173511463,3.994836422601385e-111,True
risk_mahalanobis,selective_risk_at_80,680,0.0528469212168304,0.0543478260869565,0.986764705882353,1.6137243293016255e-112,0.0508811436582429,0.0546796103185325,2.0010181683340156e-110,True
risk_mahalanobis,risk_nll,680,0.4338440218067324,0.4437838367912425,1.0,2.6281818569745956e-113,0.4186281556380657,0.4497217725860894,3.994836422601385e-111,True
risk_mara,risk_coverage_auc,680,0.0074062966133794,0.0061152954518856,0.7691176470588236,2.1253588387908404e-55,0.0065448676550012,0.0083063556747446,1.105186596171237e-53,True
risk_mara,risk_ece_10bin,680,-0.0002809390193842,-0.0033511411407034,0.4323529411764706,0.9577228700041,-0.0020267081939951,0.0015040130671249,1.0,False
risk_mara,selective_risk_at_90,680,0.0021741553778567,0.0021832032701598,0.5661764705882353,2.616049213088012e-11,0.0015014191893015,0.0028447605785564,4.185678740940819e-10,True
risk_mara,failure_auroc,680,0.0184183813128583,0.0159260704594783,0.788235294117647,6.489460822681108e-58,0.0164336239885659,0.0205212302629613,3.5692034524746094e-56,True
risk_mara,failure_auprc,680,0.018643929894453,0.0196924398823407,0.7073529411764706,7.202433792764161e-35,0.015829105439605,0.0213723647374508,2.7369248412503814e-33,True
risk_mara,risk_brier,680,0.0006578451335589,0.0003724472324916,0.5661764705882353,1.4505669632161686e-05,0.0002603852016422,0.001041179948584,0.00011604535705729349,True
risk_mara,selective_risk_at_80,680,0.0029984450462959,0.002183406113537,0.5367647058823529,2.968697498153532e-13,0.0021669525304808,0.0037860143945887,5.640525246491711e-12,True
risk_mara,risk_nll,680,0.0029628443981204,0.0022706721324523,0.6161764705882353,2.25410254426498e-09,0.001873935434636,0.0040656043586922,2.704923053117976e-08,True
risk_mara_ad_guard,risk_coverage_auc,680,0.0227815645674014,0.0208523542473072,0.901470588235294,4.3808770219951543e-104,0.021437333207149,0.0241246471050427,4.449630466305767e-102,True
risk_mara_ad_guard,risk_ece_10bin,680,-0.0056010771259669,-0.0036809978752792,0.4073529411764706,0.9999999994394227,-0.0071417984636588,-0.004011962301109,1.0,False
risk_mara_ad_guard,selective_risk_at_90,680,0.0046514758230374,0.0054054054054053,0.6323529411764706,4.14340914316846e-26,0.0038480772881299,0.0054503245994636,1.1601545600871687e-24,True
risk_mara_ad_guard,failure_auroc,680,0.0508975834379329,0.0470744402594685,0.8764705882352941,4.2748225163964813e-97,0.0475281898307383,0.0541345508976123,3.8045920395928686e-95,True
risk_mara_ad_guard,failure_auprc,680,0.0484564090624784,0.0444688086235566,0.8647058823529412,1.7392547288433534e-84,0.0449367080901095,0.051901462231976,1.3218335939209485e-82,True
risk_mara_ad_guard,risk_brier,680,0.0033658008129899,0.0039357693838652,0.85,1.5221212062896102e-70,0.0029335567110158,0.0037772843691597,9.437151478995584e-69,True
risk_mara_ad_guard,selective_risk_at_80,680,0.0091388574808394,0.0085106382978724,0.6867647058823529,3.9542831384604243e-42,0.0079720250754382,0.0102461235304687,1.6212560867687739e-40,True
risk_mara_ad_guard,risk_nll,680,0.012772337140683,0.0149012346527896,0.8485294117647059,8.353520690449677e-76,0.0114967017983081,0.0139448857521773,5.5133236556967865e-74,True
risk_mara_ad_guard_isotonic,risk_coverage_auc,680,0.0263025533577521,0.0247330219471153,0.9485294117647058,2.742408146978944e-109,0.0250018033453138,0.0275980479980526,2.93437671726747e-107,True
risk_mara_ad_guard_isotonic,risk_ece_10bin,680,-0.002960033816808,-0.0032917905756625,0.4205882352941176,0.9989406937418168,-0.0049217269181869,-0.000931204279017,1.0,False
risk_mara_ad_guard_isotonic,selective_risk_at_90,680,0.005602046767369,0.0054054054054053,0.6823529411764706,8.44067678243052e-31,0.0047665745328365,0.0064495298722767,3.038643641674987e-29,True
risk_mara_ad_guard_isotonic,failure_auroc,680,0.0583405586804218,0.0573914220295326,0.9441176470588236,2.732125024220136e-107,0.0554783755192372,0.0611015437422898,2.8960525256733443e-105,True
risk_mara_ad_guard_isotonic,failure_auprc,680,0.0719917682285445,0.0680003569607232,0.9794117647058824,1.8046432092998526e-112,0.0686145030996955,0.0751418527666453,2.2016647153458202e-110,True
risk_mara_ad_guard_isotonic,risk_brier,680,0.0043721460727241,0.0045221322014064,0.8441176470588235,7.886091139745137e-76,0.0038481606693974,0.0049025699870347,5.283681063629242e-74,True
risk_mara_ad_guard_isotonic,selective_risk_at_80,680,0.0117240157912434,0.0108932978925384,0.7264705882352941,1.5529586597810293e-65,0.0106320135666864,0.0127410724409665,9.162456092708073e-64,True
risk_mara_ad_guard_isotonic,risk_nll,680,0.0424426063507533,0.0239294719382193,0.9397058823529412,3.816162032518712e-102,0.0382026354249565,0.0474404203466942,3.7780004121935243e-100,True
risk_mara_ad_guard_rate,risk_coverage_auc,680,0.0225450109496875,0.0207229797196315,0.9,4.3623828101036934e-104,0.021215811763841,0.0238561100740145,4.449630466305767e-102,True
risk_mara_ad_guard_rate,risk_ece_10bin,680,0.0378412999467564,0.0349318591531905,0.8485294117647059,3.8294486182458266e-71,0.0344187989719129,0.041310490299354,2.4125526294948706e-69,True
risk_mara_ad_guard_rate,selective_risk_at_90,680,0.0044510642340769,0.0050279329608938,0.6323529411764706,2.2045121760084566e-25,0.003687958689413,0.005239472642856,5.952182875222833e-24,True
risk_mara_ad_guard_rate,failure_auroc,680,0.0501101569402437,0.0469960316916842,0.8779411764705882,3.1596703330558293e-97,0.0469738616307695,0.05323956394644,2.8437032997502464e-95,True
risk_mara_ad_guard_rate,failure_auprc,680,0.0482263095726345,0.0445407197663784,0.8661764705882353,6.148539465269345e-85,0.0447402800107142,0.0516463050052172,4.7343753882573954e-83,True
risk_mara_ad_guard_rate,risk_brier,680,0.0128310076872642,0.0122825241460658,0.8323529411764706,1.828856808497212e-75,0.0116796076824864,0.0139769913530109,1.1887569255231878e-73,True
risk_mara_ad_guard_rate,selective_risk_at_80,680,0.008779244920674,0.0084926072845294,0.6867647058823529,8.591619518133681e-42,0.0076518913568215,0.0098488309709847,3.4366478072534725e-40,True
risk_mara_ad_guard_rate,risk_nll,680,0.0742686506962432,0.0516074171892017,0.8823529411764706,3.54248415986475e-87,0.0675625542290113,0.081140108668177,2.7631376446945053e-85,True
risk_mara_dual_blend_rate,risk_coverage_auc,680,0.0059813623253149,0.0042729987868751,0.7382352941176471,5.080327178827713e-44,0.0052237369650853,0.0067928968015902,2.1845406868959166e-42,True
risk_mara_dual_blend_rate,risk_ece_10bin,680,0.0155299289484304,0.0114764757354136,0.6617647058823529,8.112285707888347e-29,0.0131257869663628,0.0179669691729048,2.595931426524271e-27,True
risk_mara_dual_blend_rate,selective_risk_at_90,680,0.0018836674942289,0.000558659217877,0.5073529411764706,1.873571861695295e-07,0.001189756343325,0.0025765058830608,2.0609290478648245e-06,True
risk_mara_dual_blend_rate,failure_auroc,680,0.015872159099634,0.0128621801640094,0.75,7.682987514683499e-46,0.0138266799051604,0.01788282077075,3.5341742567544097e-44,True
risk_mara_dual_blend_rate,failure_auprc,680,0.0164173687053171,0.0180287100681245,0.6691176470588235,3.8294561104302815e-27,0.0133359160685809,0.0193053612066066,1.1488368331290845e-25,True
risk_mara_dual_blend_rate,risk_brier,680,0.0035449244275343,0.0028944313108052,0.6838235294117647,3.76709835496188e-30,0.0029120458271716,0.0041910944221973,1.2808134406870391e-28,True
risk_mara_dual_blend_rate,selective_risk_at_80,680,0.0029988639404398,0.002016129032258,0.5470588235294118,7.588851501746643e-12,0.0021062423065524,0.0038325098023405,1.2901047552969294e-10,True
risk_mara_dual_blend_rate,risk_nll,680,0.0179235272956073,0.0098073897627533,0.7102941176470589,1.5763351990796266e-44,0.0152597417042215,0.0210057946976153,6.935874875950357e-43,True
risk_mara_dual_guard_rate,risk_coverage_auc,680,0.0066470821498496,0.0050347880361526,0.7911764705882353,1.1750207787302712e-51,0.0058690472149539,0.0074578800191889,5.957297645102901e-50,True
risk_mara_dual_guard_rate,risk_ece_10bin,680,0.0046364312038643,0.0016416309688423,0.5294117647058824,0.0003035388678957,0.0025897731065171,0.0066389777701153,0.0021247720752698997,True
risk_mara_dual_guard_rate,selective_risk_at_90,680,0.0015557823799733,0.0,0.4926470588235294,3.704253510925276e-06,0.000825031155648,0.0022526577400294,3.704253510925276e-05,True
risk_mara_dual_guard_rate,failure_auroc,680,0.0174942108681303,0.0149671870894891,0.7691176470588236,4.3435289383709425e-51,0.0153953881015983,0.0196064175689241,2.115832845875518e-49,True
risk_mara_dual_guard_rate,failure_auprc,680,0.0163145963368836,0.0181693759734009,0.6588235294117647,2.8952873780870177e-25,0.0130801256610407,0.019524126549287,7.223523704865981e-24,True
risk_mara_dual_guard_rate,risk_brier,680,0.0009671480528779,0.0012066371570717,0.5808823529411765,1.7000169137027834e-09,0.0004863862435134,0.0014495484507011,2.2100219878136185e-08,True
risk_mara_dual_guard_rate,selective_risk_at_80,680,0.0039317196300126,0.002267573696145,0.5529411764705883,1.2784269377346583e-16,0.0030352764473531,0.0047990998070839,2.6846965692427825e-15,True
risk_mara_dual_guard_rate,risk_nll,680,0.003609663504674,0.0031875784761584,0.6279411764705882,7.58044599728694e-11,0.002294118444801,0.0049873618043684,1.137066899593041e-09,True
risk_mara_isotonic,risk_coverage_auc,680,0.009406469696345,0.0078070998427676,0.8147058823529412,1.6049754750646066e-64,0.0084059675149601,0.0104219589815165,9.308857755374719e-63,True
risk_mara_isotonic,risk_ece_10bin,680,0.0078995377089735,0.0047993891712994,0.5705882352941176,7.631294803481193e-10,0.0057328634994838,0.0101017091588139,1.068381272487367e-08,True
risk_mara_isotonic,selective_risk_at_90,680,0.002880419031602,0.0027932960893854,0.5720588235294117,1.5777977503530097e-12,0.0020821803080016,0.0036874491408286,2.8400359506354176e-11,True
risk_mara_isotonic,failure_auroc,680,0.024647964277619,0.0210328766840026,0.8573529411764705,6.223681115260036e-82,0.0225329503067783,0.0268634376122655,4.4188135918346255e-80,True
risk_mara_isotonic,failure_auprc,680,0.0492424691627459,0.0454323652763773,0.8955882352941177,3.556572662297278e-101,0.0460745363334507,0.0523826927317453,3.4498754824283595e-99,True
risk_mara_isotonic,risk_brier,680,0.0044634087966649,0.0023960738453406,0.7485294117647059,3.51425047562072e-46,0.0038462792124987,0.0051314250819504,1.6516977235417385e-44,True
risk_mara_isotonic,selective_risk_at_80,680,0.0057411562031171,0.004255319148936,0.6176470588235294,1.614175825444512e-26,0.0047126288604499,0.0067162644159629,4.681109893789085e-25,True
risk_mara_isotonic,risk_nll,680,0.0647653893542783,0.0316671287029154,0.8691176470588236,1.2766634781235246e-90,0.0575268252425871,0.0727483971439605,1.0468640520612901e-88,True
risk_rf_error_predictor,risk_coverage_auc,680,0.0159743544748122,0.0131233284967447,0.913235294117647,7.808621673383511e-103,0.0149624261732578,0.0169509061147492,7.808621673383512e-101,True
risk_rf_error_predictor,risk_ece_10bin,680,0.1013315366869029,0.1034491031334412,0.9632352941176472,1.0044994428466003e-110,0.0974024089539224,0.1053886963181328,1.1149943815597264e-108,True
risk_rf_error_predictor,selective_risk_at_90,680,0.0041828096323453,0.0052817556258135,0.6191176470588236,2.5955842857700586e-25,0.0033111363777492,0.0050440139519389,6.748519143002152e-24,True
risk_rf_error_predictor,failure_auroc,680,0.0377133130630275,0.0337946722430644,0.9220588235294118,8.582039061454794e-98,0.0352427877136356,0.040185575976022,7.89547593653841e-96,True
risk_rf_error_predictor,failure_auprc,680,0.0322251337698649,0.0286922624313213,0.7764705882352941,3.8954877515596796e-56,0.0278600999791558,0.0364292442936633,2.0646085083266303e-54,True
risk_rf_error_predictor,risk_brier,680,0.030602742866305,0.0297560613041301,0.976470588235294,3.399551707112538e-112,0.029478927899002,0.031796821723848,4.0454665314639204e-110,True
risk_rf_error_predictor,selective_risk_at_80,680,0.0086258254899949,0.0072993672993672,0.6897058823529412,9.390331210993244e-45,0.0075266218843505,0.0096502234842979,4.22564904494696e-43,True
risk_rf_error_predictor,risk_nll,680,0.0721590052247151,0.070620344077401,0.9823529411764704,6.353193895952059e-113,0.0696521424722472,0.0747695615068124,8.132088186818635e-111,True
risk_scalar_full,risk_coverage_auc,680,0.0066499175000175,0.0050347880361526,0.7911764705882353,1.1680975774711572e-51,0.0058721670323122,0.0074610692278042,5.957297645102901e-50,True
risk_scalar_full,risk_ece_10bin,680,0.21398092333132,0.2269175926637309,0.9970588235294118,2.6632402199514465e-113,0.2097197944608532,0.2182274356698766,3.994836422601385e-111,True
risk_scalar_full,selective_risk_at_90,680,0.0015557823799733,0.0,0.4926470588235294,3.704253510925276e-06,0.000825031155648,0.0022526577400294,3.704253510925276e-05,True
risk_scalar_full,failure_auroc,680,0.0174964923891145,0.0149671870894891,0.7676470588235295,4.3180262160724856e-51,0.0153933493293069,0.0196160030327754,2.115832845875518e-49,True
risk_scalar_full,failure_auprc,680,0.0163148792860498,0.0181693759734009,0.6588235294117647,2.8894094819463926e-25,0.0130796475886866,0.0195241366972862,7.223523704865981e-24,True
risk_scalar_full,risk_brier,680,0.0727299700791471,0.0735515184166671,0.9970588235294118,3.501968690474774e-113,0.0709053948914537,0.0746402819807357,4.5673709482946864e-111,True
risk_scalar_full,selective_risk_at_80,680,0.0039317196300126,0.002267573696145,0.5529411764705883,1.2784269377346583e-16,0.0030352764473531,0.0047990998070839,2.6846965692427825e-15,True
risk_scalar_full,risk_nll,680,0.1682604861556796,0.1716461697936505,0.9970588235294118,3.1359965129794985e-113,0.1642325273746793,0.1726238777035404,4.1524989373369176e-111,True
risk_uncertainty_only,risk_coverage_auc,680,0.0462242418682891,0.0465827059113957,0.9647058823529412,3.5836484007743672e-112,0.0443899487137037,0.0481802008521616,4.2287051129137535e-110,True
risk_uncertainty_only,risk_ece_10bin,680,0.2371944873223584,0.2507150468122624,0.998529411764706,2.6515025434811334e-113,0.233139959818985,0.2413866801450361,3.994836422601385e-111,True
risk_uncertainty_only,selective_risk_at_90,680,0.0131611387893587,0.0121936384934222,0.8029411764705883,1.3908407100416069e-83,0.0122488320982267,0.0141297509836394,1.029222125430789e-81,True
risk_uncertainty_only,failure_auroc,680,0.1094756026304861,0.107739944516726,0.9676470588235294,5.004066287631399e-112,0.1050599813660205,0.1142361699020908,5.804716893652423e-110,True
risk_uncertainty_only,failure_auprc,680,0.1060701062310185,0.1065720183959117,0.973529411764706,1.7653691790010035e-112,0.1012528505920873,0.1108086963430037,2.1714040901712344e-110,True
risk_uncertainty_only,risk_brier,680,0.0916694469058734,0.0936210947926509,1.0,2.6281818569745956e-113,0.0900341018825185,0.0933962314025008,3.994836422601385e-111,True
risk_uncertainty_only,selective_risk_at_80,680,0.0229779793730964,0.0204081632653061,0.8691176470588236,3.158545764842574e-96,0.0215602102915831,0.0245113634249341,2.779520273061465e-94,True
risk_uncertainty_only,risk_nll,680,0.2081634487964108,0.2111665867718004,1.0,2.6281818569745956e-113,0.2042041452007351,0.2122069069618408,3.994836422601385e-111,True
risk_validation_knn_error,risk_coverage_auc,680,0.031227935624898,0.029239142539548,0.9088235294117648,2.5903064917250902e-101,0.0294185021858739,0.0330577206262923,2.5385003618905884e-99,True
risk_validation_knn_error,risk_ece_10bin,680,0.0265142083791346,0.0291562051638932,0.8073529411764706,5.029854349145827e-63,0.0239367207833552,0.0290474632005962,2.8670169790131217e-61,True
risk_validation_knn_error,selective_risk_at_90,680,0.0094151592735405,0.009009009009009,0.7617647058823529,3.112021142774234e-57,0.0084371295717788,0.0104485744258083,1.6804914170980863e-55,True
risk_validation_knn_error,failure_auroc,680,0.0761048336590221,0.0748091158127878,0.9044117647058824,1.2307032877378147e-97,0.071463337173152,0.0807694928550929,1.1199399918414114e-95,True
risk_validation_knn_error,failure_auprc,680,0.0704590634854102,0.0699638288614821,0.8808823529411764,1.2890873558181944e-83,0.0650289373696645,0.0759492467923275,9.668155168636458e-82,True
risk_validation_knn_error,risk_brier,680,0.0112555956697484,0.0098063787548503,0.9308823529411764,2.6068768650846067e-105,0.0106510661626571,0.0118881176153651,2.737220708338837e-103,True
risk_validation_knn_error,selective_risk_at_80,680,0.0159674466646127,0.0154164418951087,0.7455882352941177,2.4213195922026067e-62,0.0142582344949084,0.0177433320980051,1.3559389716334597e-60,True
risk_validation_knn_error,risk_nll,680,0.1323196748308619,0.1119133326704785,0.951470588235294,1.3574799209364773e-110,0.124657870859732,0.1400018774589282,1.493227913030125e-108,True
