missingness_mechanism,mask_rate,strategy,failure_auroc_mean,failure_auroc_std,failure_auprc_mean,failure_auprc_std,risk_brier_mean,risk_brier_std,risk_nll_mean,risk_nll_std,risk_ece_mean,risk_ece_std,aurc_mean,aurc_std,attribution_macro_f1_all_causes_mean,attribution_macro_f1_all_causes_std,attribution_micro_f1_all_causes_mean,attribution_micro_f1_all_causes_std,attribution_macro_f1_observable_causes_mean,attribution_macro_f1_observable_causes_std,attribution_micro_f1_observable_causes_mean,attribution_micro_f1_observable_causes_std
MAR,0.1,axis_dropout_training,0.7816008744724916,0.001105329126253,0.6565522958743999,0.002220526906311,0.1676648904669999,0.0005528409954062,0.50963153073695,0.0014568617389633,0.0159919492585858,0.0020211728485883,0.1566535642936805,0.0014074755544733,0.831187055925585,0.0013124532756401,0.8412070821368995,0.0011562771829613,0.8863087996560772,0.0009427697683171,0.895153388713663,0.0010415682190901
MAR,0.1,missing_indicator,0.8291888093893609,0.0011029514838138,0.7225421958952708,0.002241159937201,0.1494345518087237,0.0005799078332065,0.4637959801720934,0.0018627227932887,0.0202222399126624,0.0023381556436099,0.1327926185857444,0.0018681160019519,0.830495149649477,0.0033223005718225,0.8405474664662892,0.0031506337128474,0.8857748430092475,0.0036417500849266,0.8945178245492214,0.0035744728425821
MAR,0.1,modular_inference,0.8272052383726536,0.0008321640037899,0.7197963291238334,0.0034596701681754,0.1500008923514811,0.0004281624346939,0.4650155958568657,0.0013206357202739,0.0180455581785836,0.0023658454789529,0.1337823964863465,0.0016985472364366,0.828648914256448,0.0023248382180618,0.8382537684910265,0.0019215776987752,0.883918612346584,0.0023980406999556,0.8921124625433542,0.0021580452390385
MAR,0.1,zero_imputation,0.7803433879868207,0.0009455181218884,0.6549310249349607,0.0025107822408624,0.1681044169147459,0.0004276513277963,0.5102627304612283,0.0010747784200629,0.0158608742062812,0.0014384964932402,0.1571881950336426,0.0011572055645344,0.828648914256448,0.0023248382180618,0.8382537684910265,0.0019215776987752,0.883918612346584,0.0023980406999556,0.8921124625433542,0.0021580452390385
MAR,0.3,axis_dropout_training,0.6233262662475376,0.0029154339550959,0.4732496734045847,0.0021619008716225,0.2065442970275565,0.0007281045959376,0.6032607488313969,0.0016232176749764,0.0339460166053846,0.0024759264649762,0.2563174526505439,0.0023792027206401,0.6932830948864921,0.0011228450046879,0.7087210796336839,0.000617358888021,0.8738128064199973,0.0020526862934206,0.8877718286995835,0.0010812855888746
MAR,0.3,missing_indicator,0.8113711477772577,0.0018989553941328,0.6789840616381667,0.0029931626654674,0.1583399408547285,0.0009494594023628,0.4859251993993741,0.0028295670336799,0.0275776651645529,0.0024358694717524,0.1403720959568429,0.0025134724386181,0.6944564959016104,0.0012639933137711,0.7088370013597526,0.0012561505286935,0.876782311341519,0.0024900800869389,0.8886876311658938,0.0023235418726387
MAR,0.3,modular_inference,0.8007082174258082,0.0015996108645205,0.6772562004184437,0.0047671844549994,0.1616074626780116,0.0008738660250078,0.4950748922333924,0.002202213138702,0.0218342044237889,0.0026571119799376,0.1500565165805993,0.0018782320910741,0.6943187530376158,0.0007176239204617,0.7088024714150184,0.0003733199772798,0.8758603771585383,0.0010979985299636,0.8882040129717872,0.0007890446956631
MAR,0.3,zero_imputation,0.6242474228281635,0.0024985733716426,0.4702947871875519,0.0030023771839678,0.205341842591889,0.0006144904335777,0.600209631220028,0.0013734398734096,0.0149991963916302,0.0024049855462918,0.2564016198627435,0.0023817486299715,0.6943187530376158,0.0007176239204617,0.7088024714150184,0.0003733199772798,0.8758603771585383,0.0010979985299636,0.8882040129717872,0.0007890446956631
MAR,0.5,axis_dropout_training,0.5561088261361927,0.0033034580839578,0.399825366274265,0.0026657843140869,0.2148701111280699,0.0007471732101658,0.6210626833497693,0.0015629191919805,0.027192965443891,0.0052385113064763,0.29576799493832,0.0020383780815292,0.5315575390021661,0.0013981484746744,0.5491686154697717,0.0016523725510197,0.8690264553349921,0.0020311777253028,0.8885541271910757,0.0008355415402587
MAR,0.5,missing_indicator,0.792672435068523,0.0027138865201855,0.6444379547413626,0.0029907575543047,0.1665196014219941,0.001084131868776,0.5061145995499908,0.0032688030425194,0.0334836664914656,0.0022921284311679,0.1491458819328708,0.0026230530584526,0.5321555813609844,0.0017894720070394,0.5494554909085141,0.001952988755843,0.8700167040384452,0.0025225402681431,0.889543799427942,0.0013462571117909
MAR,0.5,modular_inference,0.7491573146956234,0.0016410706979421,0.6123791192571596,0.0039349569143048,0.1772029183611086,0.0008386314269164,0.5363236084905296,0.0019367482234892,0.0355671170052152,0.0033892393374305,0.1922131972363727,0.0014928639498394,0.5326364405585441,0.0014936847693728,0.549699896722685,0.0016984825793187,0.8717099223219819,0.0020141241233545,0.8898875148101828,0.0008760670566629
MAR,0.5,zero_imputation,0.5573768650131308,0.0033060089718613,0.3983802955764265,0.0036530309556928,0.2138770999012356,0.0005931426568511,0.6189297310034404,0.0012648825552771,0.0276608661199676,0.0077186783535238,0.2962104137239546,0.0018458808095644,0.5326364405585441,0.0014936847693728,0.549699896722685,0.0016984825793187,0.8717099223219819,0.0020141241233545,0.8898875148101828,0.0008760670566629
MAR,0.7,axis_dropout_training,0.5634400093819221,0.0020605903208811,0.3825660754079577,0.0032820046444222,0.215006405313913,0.0006404516526747,0.6210635237824118,0.0013869181608619,0.0207845388904533,0.0024141564519063,0.2883832878242409,0.0018565566410308,0.3645769946550977,0.0026246529738858,0.3772590996086598,0.0026819334642967,0.9037225576695888,0.0013727295912036,0.9206262941145048,0.0006069234547491
MAR,0.7,missing_indicator,0.7436280730301866,0.0030618442919307,0.5710205350938554,0.0061381114457351,0.1824655005621895,0.001047858666895,0.5430798146892876,0.0025353020002397,0.0175602963731575,0.0012035356965688,0.170292124709626,0.0023314231981709,0.3651213930270297,0.0027194571728273,0.3780019142224259,0.0027425026578207,0.914979359435968,0.00355210526503,0.9244587990867588,0.0010602311297188
MAR,0.7,modular_inference,0.6677153056341203,0.0011944348952466,0.5241172072185873,0.0054529088047964,0.1965159068517917,0.0007333091296725,0.5813774760731691,0.0016891007133519,0.0522796722655658,0.0042058371940869,0.2423880741821259,0.0016400957980627,0.3649182538994489,0.0026272445557039,0.377479149627709,0.0026648982247084,0.905630524372766,0.0015963000378808,0.921735802382838,0.0008920668902783
MAR,0.7,zero_imputation,0.5630054775403832,0.0020429357552257,0.3825802813807842,0.0035054297605284,0.2150640424012175,0.0006104730882163,0.6211995602944956,0.0012950410370283,0.0288389481382139,0.0023436381456218,0.2889652744334065,0.0019048404926003,0.3649182538994489,0.0026272445557039,0.377479149627709,0.0026648982247084,0.905630524372766,0.0015963000378808,0.921735802382838,0.0008920668902783
MNAR,0.1,axis_dropout_training,0.718835375370871,0.0016829171029844,0.6004625332766352,0.0039050469349532,0.1849491649985885,0.0005751368733582,0.5561655978045742,0.0013756474929891,0.0348614464569108,0.0012527755789749,0.2124198237691564,0.0020559819002163,0.6689954402179158,0.0017363487777334,0.6935192727149474,0.0015815323408296,0.8648813110727275,0.0010550585140052,0.883352994632278,0.0010660557022253
MNAR,0.1,missing_indicator,0.836125439898678,0.0016570914433254,0.7474569192267967,0.0018019693157796,0.1455449910117098,0.0008176336077173,0.4543407720642844,0.0024555642680026,0.0278916794099221,0.0033795417833381,0.1306749787843338,0.0020559899806305,0.6677899332146688,0.0029564924477555,0.6917891889181261,0.0020735813380524,0.8636414657152367,0.0025638490919227,0.881038355406492,0.0019942152141543
MNAR,0.1,modular_inference,0.7922093045780766,0.0020157316553722,0.7055869339353444,0.0029184520914479,0.1584458842081728,0.0007144883445667,0.4897278311619594,0.0018974395348916,0.0188037995901777,0.0020903252465331,0.1648583318819684,0.0022186310488979,0.6665743537991917,0.0022716729285836,0.6914960303744945,0.0020262932509112,0.8632311483300551,0.0026715725563462,0.8809682226810118,0.0022096476380703
MNAR,0.1,zero_imputation,0.7190303859991767,0.0019442849565621,0.6008861434090436,0.004360326811987,0.1830028715035387,0.00063796699035,0.549595205450726,0.0014249054991394,0.0149266069807807,0.0016984826192686,0.2126085172300417,0.0019083415397,0.6665743537991917,0.0022716729285836,0.6914960303744945,0.0020262932509112,0.8632311483300551,0.0026715725563462,0.8809682226810118,0.0022096476380703
MNAR,0.3,axis_dropout_training,0.5311716641274432,0.0029561033248614,0.3852348598384982,0.0051842160806776,0.2163283916759912,0.0005163450436046,0.6242598416034504,0.0010811244285789,0.0221603071996483,0.0048702938586897,0.3314389093054991,0.0008232472666372,0.3127159042173714,0.0012250065554363,0.3360432164774681,0.0011088057236695,0.8216639124467104,0.0067658986291346,0.8669578337248007,0.0030917940085183
MNAR,0.3,missing_indicator,0.8164600924499149,0.0007572180320176,0.7085254159936432,0.002458065360457,0.1553051661535603,0.0004654703796386,0.4779034125505975,0.00147261669227,0.0219221671193924,0.001865505904509,0.1384786399310419,0.0017991354690648,0.3126407990499772,0.00086397781443,0.3363693110830924,0.0010579756995471,0.826927566229718,0.0066055991477096,0.8681114247332161,0.0028032882913443
MNAR,0.3,modular_inference,0.6832938033581072,0.002872170240761,0.6046980274391718,0.0051260501584377,0.1834875281529694,0.0003963530056143,0.5517566652347602,0.0009377143036904,0.0306328067648119,0.0019705903829274,0.2407911286256523,0.0010738894835797,0.3124635098871923,0.0013940626302862,0.3363736392029007,0.0012747849732439,0.8280177259518358,0.0043497761298125,0.869407452066239,0.0021370773103628
MNAR,0.3,zero_imputation,0.5313083530952216,0.0027774039814713,0.3861672491502858,0.0051394633117578,0.2149974591645771,0.0004721937331551,0.6214018063537938,0.0009840266724588,0.016311284542423,0.0018425747719687,0.3318396828598886,0.0007839683201688,0.3124635098871923,0.0013940626302862,0.3363736392029007,0.0012747849732439,0.8280177259518358,0.0043497761298125,0.869407452066239,0.0021370773103628
MNAR,0.5,axis_dropout_training,0.4944276222517352,0.0036514910172372,0.3391673722498131,0.0032901517441512,0.217802065398232,0.0006702576500347,0.6272922898616428,0.0014063183612712,0.0043143913843794,0.0032783667190642,0.3436333709392461,0.0021980711373546,0.1320743171770427,0.0007079042831919,0.1397685306884956,0.000807411706188,0.839804477169948,0.0043898403151605,0.8783575528843605,0.0018899834231777
MNAR,0.5,missing_indicator,0.7774487566752514,0.0017396171205305,0.6546749043075899,0.0027545910299889,0.1710759817546019,0.0007595575628169,0.515323127184792,0.0022502528958864,0.0312943902544001,0.0020495372188499,0.1552178820093309,0.0023486126517364,0.1322108790212202,0.0007658145214784,0.1399493800984626,0.0010201174862205,0.8426362810424983,0.0086365852240605,0.8792780644768332,0.0042467942501712
MNAR,0.5,modular_inference,0.6309441048513366,0.0032070811359532,0.5497358319049226,0.0047073963368746,0.1923257912746101,0.0007342801773081,0.5717309802284423,0.001651436606611,0.0220912130152692,0.0010306087135453,0.2711714620939648,0.0022865204302471,0.1321992631454678,0.0007058920296043,0.1400592710680417,0.0007638119051381,0.8475202418239421,0.0036847321702371,0.8818985352507129,0.0015839305767728
MNAR,0.5,zero_imputation,0.4926775290259886,0.0034743746382217,0.3393038558493289,0.0033973546119244,0.2175574990980634,0.0006630409819828,0.6267610978429314,0.0013863939930726,0.0043903017433418,0.0030754076707845,0.3448480183705739,0.0022762351945586,0.1321992631454678,0.0007058920296043,0.1400592710680417,0.0007638119051381,0.8475202418239421,0.0036847321702371,0.8818985352507129,0.0015839305767728
MNAR,0.7,axis_dropout_training,0.5430900981608184,0.0029514885675295,0.3989873461010421,0.0027085308935439,0.2139663967472684,0.000889790975987,0.6192653706474994,0.0018894553355017,0.0512271184320482,0.0021719303444144,0.3028775293101232,0.0031713514291197,0.0762596734415287,0.0007124966159393,0.0788695011605141,0.0007351939529987,0.9383800804639196,0.0026845141611197,0.9487050104303256,0.0021327210267256
MNAR,0.7,missing_indicator,0.7241063525342487,0.0019190882211143,0.5987141210261608,0.0036688262653013,0.1843026274175001,0.0007487384891909,0.5489679422368673,0.0018054230152436,0.0319476642410709,0.0016602035700332,0.1818858205873103,0.0017193740398075,0.0762585887838224,0.0007183291131461,0.0788774132138701,0.000741130826461,0.9398357570104904,0.0034646094998308,0.949241976181761,0.0019459720869979
MNAR,0.7,modular_inference,0.6215107966850446,0.0033320771809408,0.5308720734304329,0.0041282511371977,0.1951073644555684,0.0008763002801647,0.5776675999337588,0.0019471524687584,0.0168887332196388,0.0032006340280781,0.2671088765467326,0.0029241111753898,0.0763261673399914,0.0007250467140352,0.0789459339253575,0.0007537678171657,0.941582668356504,0.0025620705313357,0.9504171463157725,0.0020267647647586
MNAR,0.7,zero_imputation,0.5408543966332597,0.00306056459738,0.3971109371629827,0.0028371687475499,0.2137251382822659,0.0009138152396936,0.6186686159879411,0.0019150167674235,0.0371852028885683,0.0030742687707754,0.3041371733333765,0.0032329695977355,0.0763261673399914,0.0007250467140352,0.0789459339253575,0.0007537678171657,0.941582668356504,0.0025620705313357,0.9504171463157725,0.0020267647647586
adversarial,0.1,axis_dropout_training,0.8038728498185126,0.001272193668401,0.7056811424976447,0.0017373565232424,0.1577671955004382,0.0007030926651632,0.4852753434767234,0.0019382886717119,0.0225416624059308,0.0017040826516009,0.1476346227855359,0.0018775901732265,0.660935811206001,0.0044054783602952,0.6772851403383053,0.0031504606097488,0.8617624267546471,0.003293091208387,0.8774479169708431,0.001851730575123
adversarial,0.1,missing_indicator,0.8364830800682261,0.0015174476990241,0.7517233872879909,0.0013982674057242,0.1443957446645094,0.0007981195738164,0.4520831610362478,0.0023743376313231,0.0261415420989712,0.0022426349181344,0.1318869297696505,0.0018978779510503,0.659992121480937,0.0042345573420348,0.6762017636619392,0.0027062402887265,0.8603372115274954,0.0040514385658681,0.8758783877177487,0.0026486445362079
adversarial,0.1,modular_inference,0.8249445652370857,0.0012348676447869,0.7390041176526669,0.00163390654192,0.1482618949356638,0.000671174005243,0.4619234171607665,0.0017913867071343,0.0216550309836547,0.0021312075483502,0.1387510691242441,0.0018190207404989,0.6583504275804707,0.0042071122438336,0.675296111083356,0.0031038278433008,0.8590030700301385,0.0034504839860422,0.8751705548350636,0.0022376759022754
adversarial,0.1,zero_imputation,0.8037766799227818,0.0011645669602604,0.7057286325933605,0.0016623299441805,0.1580159424396484,0.0007291925961137,0.4856964047853599,0.0017500694069158,0.025022178967619,0.0027261493290014,0.1477092778535715,0.0017774467544403,0.6583504275804707,0.0042071122438336,0.675296111083356,0.0031038278433008,0.8590030700301385,0.0034504839860422,0.8751705548350636,0.0022376759022754
adversarial,0.3,axis_dropout_training,0.7855399640397029,0.0017837953581629,0.6885073781477601,0.0028800616434194,0.1622953534343466,0.0005888976927057,0.4968010148568389,0.0012858528223125,0.0146711166680082,0.0023252382552781,0.1601803112215119,0.001650400200778,0.3663704979520829,0.0016456455185696,0.3739231076954728,0.0014876444176251,0.8825942302690697,0.0028900334143046,0.8965031744777313,0.002498364758693
adversarial,0.3,missing_indicator,0.8217388708256239,0.0018220460770938,0.7340695193979935,0.0019475714743792,0.1493888567230688,0.0006590483197918,0.4656855254792467,0.0019652217838151,0.0192023436581715,0.0023116913930384,0.1415317588439089,0.0021558363125531,0.3636852959144862,0.0035228540501428,0.3716672207891552,0.0028820217838545,0.8807130656261645,0.0047509582026038,0.8948323157223597,0.0040402343660893
adversarial,0.3,modular_inference,0.803441686277879,0.0016515215817373,0.7152323944885456,0.0023202646010073,0.1556590278266761,0.0006159015996244,0.481480214515069,0.0012953302280639,0.0206329498565195,0.0021376774513458,0.1519518174967723,0.0017116553742448,0.363516333804825,0.0050292710628188,0.371344403487501,0.0043659514687067,0.8792381007572565,0.007650413369641,0.8935493448920203,0.005982902739028
adversarial,0.3,zero_imputation,0.7842344439276236,0.001684917329741,0.6877742311857905,0.0027820655865486,0.1643923158503589,0.0005835896978393,0.5026511540335404,0.001116237109343,0.0372870594843357,0.0013774882108293,0.1610823833377537,0.0016569386561862,0.363516333804825,0.0050292710628188,0.371344403487501,0.0043659514687067,0.8792381007572565,0.007650413369641,0.8935493448920203,0.005982902739028
adversarial,0.5,axis_dropout_training,0.7325240271593468,0.0023909322100147,0.64035365880407,0.0035573049865274,0.1747979806410133,0.0007726932697696,0.5287276622873647,0.0017105840534624,0.015187978896636,0.0018539223324469,0.1912253152851155,0.0020672959877078,0.1657697270488046,0.001389344367652,0.167347791656233,0.0012895054793859,0.8851510253007386,0.001930339071019,0.8925407998739481,0.0014512229020428
adversarial,0.5,missing_indicator,0.7831683986250011,0.0021365153614353,0.6877531312537698,0.0022821687199771,0.163257880369886,0.0008422920223305,0.4999031615545322,0.0022295626728021,0.0144309968844768,0.002532535983754,0.1599076226692489,0.0026297498334637,0.165719888621956,0.0014293067649455,0.1672250196147883,0.0012838362068057,0.8833201058324626,0.002699740123331,0.8909867785144818,0.0022036536871965
adversarial,0.5,modular_inference,0.7541862626849495,0.0025939624112054,0.6625893518865574,0.0028529578144484,0.1720913597367341,0.0008180029831611,0.5226206375969606,0.0017561125616712,0.0367235886368827,0.0045177275864311,0.1804489482786382,0.0024807027709536,0.1661290470533046,0.0013153566171454,0.1675745675215414,0.0012514433700211,0.8851540275914827,0.00156895704749,0.8921242432959927,0.0007519000482087
adversarial,0.5,zero_imputation,0.7305397957205096,0.0027426155682854,0.6379805238258894,0.0035419323090261,0.176580077831197,0.0008425899095442,0.5344452168479512,0.001877366616251,0.0180306761891067,0.0025412595205171,0.1924760910864554,0.0024286991195397,0.1661290470533046,0.0013153566171454,0.1675745675215414,0.0012514433700211,0.8851540275914827,0.00156895704749,0.8921242432959927,0.0007519000482087
adversarial,0.7,axis_dropout_training,0.6841151449945384,0.0040992149802081,0.5876404341069794,0.0055632836413519,0.1865534773379751,0.0008287362135855,0.5571364910836103,0.0017765084092106,0.0152693969577038,0.0017452639407844,0.2224933147864245,0.0016573405404522,0.073237702059609,0.0009393327036475,0.0738954399575652,0.0009288108178747,0.9970492388881704,0.0003342936527914,0.9973124095518552,0.0002817077214042
adversarial,0.7,missing_indicator,0.7304615369087823,0.0020978980705026,0.6274670323996373,0.0030626510519354,0.1777765987270986,0.0008124161201492,0.5356609427868646,0.0019909002958481,0.0110866983162809,0.0030750766857244,0.1886942598933398,0.0026126291904148,0.0732193141650157,0.0009656993839213,0.0738669660656935,0.0009529370861038,0.996840880763506,0.0004845225084409,0.9971602838898996,0.0004083610244899
adversarial,0.7,modular_inference,0.7049735088754876,0.003720558261396,0.611559212480419,0.005491088358242,0.1847200643541869,0.0006985433247933,0.5523731450082232,0.0014522347625146,0.0295163794061195,0.0042678082338442,0.2124439651429545,0.0019607275527775,0.0732851190052938,0.000943819231326,0.073932923522387,0.0009355688885839,0.9970407997368242,0.0003077641139742,0.997293236059089,0.0002686249648955
adversarial,0.7,zero_imputation,0.6821363111368234,0.0041343458693175,0.5849195903376898,0.0055789083327289,0.190877199521897,0.0008279513325492,0.5670732000578905,0.0015858548427434,0.0436283421680834,0.0029268725363199,0.2234989406745502,0.001645690515798,0.0732851190052938,0.000943819231326,0.073932923522387,0.0009355688885839,0.9970407997368242,0.0003077641139742,0.997293236059089,0.0002686249648955
axis_dependent,0.1,axis_dropout_training,0.806721485830543,0.0019418254095926,0.7133345487817586,0.0017946547897338,0.1559256814754381,0.0007796687233366,0.4824293152475431,0.0021216045070233,0.0260683393827018,0.0028312033520948,0.1489856692886094,0.0018567302633473,0.7988366460617226,0.0032899452735398,0.8108257701869684,0.0022769217796386,0.862734462430739,0.0032836448675212,0.8745952239310645,0.0024333012987453
axis_dependent,0.1,missing_indicator,0.8279029316762602,0.0015783958914906,0.7371051150302661,0.0023580514546894,0.1487137974204553,0.0007043494829265,0.4624018247352298,0.0020578828858104,0.0242655723565313,0.002686272296922,0.1348414330273866,0.0018708361571623,0.8022102813401413,0.0030896600522954,0.8123470175707276,0.0015415694793958,0.8661605659669485,0.0031273240733183,0.8759455997906702,0.0018167558563609
axis_dependent,0.1,modular_inference,0.8239825081481037,0.0016386085492236,0.7295077589761146,0.0035398664598653,0.1500884465241735,0.0007354056801117,0.4663146493166256,0.0019594426397502,0.022167748855217,0.0021455914735579,0.1382484778398964,0.0014926500878402,0.7970981440363561,0.0021685570518133,0.8092992952091089,0.0019576339615418,0.8611090679838955,0.0024499001332373,0.8729997011573156,0.0024110305176549
axis_dependent,0.1,zero_imputation,0.8065177082276819,0.0018386734833731,0.7135444931807834,0.0021374263904089,0.1557903132808722,0.0007303296530698,0.4810691303718299,0.0018534318113732,0.0209676363159699,0.0024950457132956,0.1490468181986272,0.0017045477843857,0.7970981440363561,0.0021685570518133,0.8092992952091089,0.0019576339615418,0.8611090679838955,0.0024499001332373,0.8729997011573156,0.0024110305176549
axis_dependent,0.3,axis_dropout_training,0.7476512513760307,0.0018485564775301,0.6354161510759708,0.0043007187150721,0.1758042419506564,0.0005142711277498,0.5319485058212774,0.0013233719616724,0.0200767632165772,0.0022526259319312,0.1849962203475346,0.0016309323675429,0.6768217778372703,0.0018177576080821,0.6904018427953201,0.0018340565096594,0.8783308668443659,0.0026984817714142,0.8898586498566994,0.0020661925560107
axis_dependent,0.3,missing_indicator,0.7988695395568441,0.0011494631079175,0.6933524581241318,0.0022378724312404,0.1606356502402537,0.0007482533940067,0.4921914417231798,0.0020023454913365,0.0212118818321851,0.0013845344231487,0.1485650312395391,0.0017679829367047,0.676101409197283,0.0020971120674348,0.6900207276862915,0.0019422983029091,0.8781357035277324,0.0023842986873681,0.8889475391600083,0.0021640787718862
axis_dependent,0.3,modular_inference,0.7867920471170275,0.0017269828282033,0.6687660696215584,0.0036354177983503,0.1648632670775723,0.0009197214541401,0.5044215164199569,0.0022809921568658,0.0205017256431428,0.0019951821672755,0.1615845820887281,0.001974836047453,0.6761714222264283,0.0019058291437558,0.6900558833707455,0.0020746570361219,0.8788107993649822,0.0026243445178414,0.8896684227848279,0.0023647208939165
axis_dependent,0.3,zero_imputation,0.7477937521384328,0.0016891602330322,0.6352176481854419,0.0041460622392776,0.1755268587417761,0.0007572650293765,0.53023834165831,0.0018050414734109,0.0154929272839732,0.0018651954675834,0.1849163742124689,0.0018341931721352,0.6761714222264283,0.0019058291437558,0.6900558833707455,0.0020746570361219,0.8788107993649822,0.0026243445178414,0.8896684227848279,0.0023647208939165
axis_dependent,0.5,axis_dropout_training,0.6980447661386899,0.0020352205236369,0.5673857179540671,0.0058907334075555,0.1895083904467096,0.0007343027308817,0.5641402300155761,0.0015599811867357,0.0136796288939054,0.0026817813962797,0.2148765661805122,0.0008777390867813,0.5139818006876917,0.0015364224705861,0.5428965194022096,0.0015623921297757,0.8827603509979068,0.0032480038247899,0.8971750703995252,0.0016965585226482
axis_dependent,0.5,missing_indicator,0.7585611822320638,0.0024423815373287,0.6386049702961426,0.0038020363965951,0.1742553293583269,0.0010496985890852,0.5266336767035581,0.0027182623341681,0.0224510962222526,0.0037848419976458,0.1697908399957801,0.0024583158850338,0.5122501842222212,0.0023163591919309,0.5418034101857805,0.0022396697742953,0.8821912874090824,0.0025050773246816,0.8945269610988053,0.0020879798045721
axis_dependent,0.5,modular_inference,0.7399628343022202,0.0023205513843493,0.5988835775971582,0.0051155766085563,0.1796176859720746,0.0011189232041515,0.5412269775850845,0.0026498807835764,0.020414642010374,0.0019615916127102,0.1920531537433782,0.0016576512438709,0.5136851166777983,0.0019788442171612,0.5426978447009561,0.0019150972122172,0.884512151929659,0.0023551771291907,0.8973809669183209,0.001718204212004
axis_dependent,0.5,zero_imputation,0.6981201005246817,0.0017883359403175,0.5669274122137639,0.0050775840696718,0.1898162198806218,0.000893151980934,0.5644168276083915,0.0019747685401539,0.0131232751278198,0.0024474958735373,0.2149412074639067,0.0010271625531528,0.5136851166777983,0.0019788442171612,0.5426978447009561,0.0019150972122172,0.884512151929659,0.0023551771291907,0.8973809669183209,0.001718204212004
axis_dependent,0.7,axis_dropout_training,0.6647796263850589,0.0032040263920183,0.5175770857392488,0.0033220499583147,0.1978053852635684,0.0009241629723419,0.5828047071537565,0.0021472407827162,0.0237637665107795,0.0020628577530105,0.2305579058428026,0.0032804180771845,0.3451924530665241,0.0014756499741491,0.4008265274361365,0.0020200339167658,0.8943075272123,0.0022115062457004,0.91234090340212,0.0009646568066839
axis_dependent,0.7,missing_indicator,0.7194189037032187,0.0027413291842628,0.583810262722767,0.0031248457146297,0.1859010451091222,0.0008596424620017,0.5548657148289374,0.0021634012766012,0.0210428030073867,0.0046455108513471,0.1916605685850469,0.0023564214032861,0.3442445333031707,0.0013567233421981,0.4002415222469729,0.001978302382767,0.8955728109099663,0.005485121572659,0.9093566241888162,0.0014449583695025
axis_dependent,0.7,modular_inference,0.6976709815797204,0.0031525627816008,0.5463342901013974,0.0028623900141549,0.1908165308210736,0.0010382287287037,0.5674730806224657,0.0024847857631878,0.0255280524593704,0.0046914751276614,0.2154365265768857,0.0032224969255063,0.3450621742774118,0.0014636910178982,0.4008654407283846,0.0019944147891613,0.8980771212231113,0.0034372172486714,0.9127921253194898,0.0012463936261712
axis_dependent,0.7,zero_imputation,0.664591304811606,0.0031424398072969,0.517936921656872,0.0033362408737665,0.1985815512422953,0.0007106027940882,0.5846693724102664,0.0016827726816608,0.0268587453273511,0.003225502002674,0.2308683078139005,0.0032860942597359,0.3450621742774118,0.0014636910178982,0.4008654407283846,0.0019944147891613,0.8980771212231113,0.0034372172486714,0.9127921253194898,0.0012463936261712
