property,evaluation_split,method,seeds,cases,failure_auroc_mean,failure_auroc_std,failure_auprc_mean,failure_auprc_std,risk_nll_mean,risk_nll_std,risk_brier_mean,risk_brier_std,risk_ece_10bin_mean,risk_ece_10bin_std,risk_coverage_auc_mean,risk_coverage_auc_std
density,id,risk_knn_tanimoto,5,5,0.5881367413610222,0.016088226111169474,0.2787894083418837,0.01220248124134764,1.0871813187658474,0.031850304338102056,0.35577207858348664,0.005411593064462612,0.4365904350991038,0.00971735279597906,0.1483019175877762,0.0037769908018033026
density,id,risk_mahalanobis,5,5,0.3117313879017255,0.012768744207746315,0.13298945667454648,0.0029781950038000843,0.9373997758515056,0.04660329901922939,0.30349063545518085,0.008723149031757176,0.3275849082987358,0.0089533697271389,0.264897285148725,0.009049309736526519
density,id,risk_mara,5,5,0.5873086523417641,0.015598046200082365,0.28618489833119665,0.0305433625205066,0.47154500044269054,0.005170145498277057,0.14819995256354682,0.002475259457895438,0.021373863069785864,0.006286740266932122,0.15209963882630223,0.004047847102418025
density,id,risk_mara_rank_fusion,5,5,0.6878366288589474,0.0264235807725951,0.308652531554768,0.026379840790797502,0.4490719626266607,0.003909465241014025,0.14150404515065387,0.002223504952654241,0.02803058779072782,0.008692457498317296,0.1092056372790676,0.007430239064948525
density,id,risk_mara_rank_fusion_inductive_cdf,5,5,0.688684116081746,0.025870491734321866,0.30989163401898906,0.027096346070618425,0.4486250600475505,0.003838822947223042,0.1413685520911388,0.002218179411062173,0.02807330676044007,0.007647853929303225,0.10918024738381397,0.007368184919332975
density,id,risk_rank_fusion_inductive_without_mara,5,5,0.7034985439333293,0.025485791789523846,0.32220181834905454,0.028393799325337032,0.44397497466397684,0.00392962162966318,0.14008929148215726,0.0021751311849409673,0.02596105244534812,0.007299862038645797,0.1030331568120594,0.007193449980256695
density,id,risk_rf_error_predictor,5,5,0.6864349345175507,0.023980019062637088,0.32790059599000226,0.03914397515312003,0.538023345542844,0.01350999447305835,0.17989225067316836,0.004861618031479038,0.18856509804591876,0.008899692683682951,0.1095297956033073,0.005961543354365949
density,id,risk_scalar_full,5,5,0.7047174427480971,0.017292676591088723,0.3392455343110959,0.029756945150111583,0.6321902629220333,0.012054168525546721,0.22136364020509885,0.005480617114509644,0.284087359390592,0.006148571542852328,0.10358082323213727,0.004365680322535521
density,id,risk_uncertainty_only,5,5,0.5158809265892591,0.02913496578536849,0.20230613242852896,0.01797128097012863,0.6930349678839739,0.0017659277373485154,0.24992224001291902,0.0008811646130644993,0.3156076410330478,0.0057305475398823184,0.1791476264139939,0.01209799052158214
density,id,risk_validation_knn_error,5,5,0.6007294251894668,0.03030944571436474,0.25120834075126636,0.03070978125395119,0.5830063829972272,0.06628032166040738,0.15304973483028086,0.004378200675778938,0.06549808355586104,0.01226915724915791,0.14289798618165667,0.014214483126633103
density,ood,risk_knn_tanimoto,5,5,0.6219135892040372,0.042331637395268705,0.9759939329848091,0.0047225810887413545,0.45403451555161006,0.00964831804915179,0.12483498204199861,0.0034341774627924537,0.2400670231362981,0.005313031591809051,0.9513334925349319,0.006277290288809449
density,ood,risk_mahalanobis,5,5,0.16563666335578162,0.028061073773957695,0.9090013194184012,0.007937998133314209,2.0649838279829424,0.04955250124623622,0.6198916687203868,0.005412938858107529,0.7437681758499185,0.005890221243833653,0.9901552302033465,0.002255869919157333
density,ood,risk_mara,5,5,0.6155508747579164,0.02960067673135897,0.9777705100545668,0.0029817147915400894,1.460775839847614,0.026793172272699128,0.5822678603232524,0.010898432828416472,0.7393150229522452,0.00820885956971458,0.9537709698567444,0.004902136490165708
density,ood,risk_mara_rank_fusion,5,5,0.8138369456616099,0.02565831969102194,0.9898506949073429,0.0025486875415798413,1.1849594358101527,0.007537079901355216,0.4716984344923583,0.0022288174970748983,0.6617840006102882,0.0026421530916540515,0.9279497910634031,0.005683297970279904
density,ood,risk_mara_rank_fusion_inductive_cdf,5,5,0.8147152653854685,0.025408726554899515,0.989834067391372,0.002636762150160295,1.188609759403066,0.00680272002818788,0.4733748106501593,0.0018783639322460465,0.6631270030514711,0.002682170282768858,0.927805029548939,0.005466194338960683
density,ood,risk_rank_fusion_inductive_without_mara,5,5,0.8437535741007602,0.025298541986800968,0.9912776555766916,0.002641736987638064,1.1646879347773846,0.008711269338966501,0.4645410023425386,0.0024513231429684626,0.6573862480321309,0.0028215240999753255,0.9238039625832568,0.005196505392892561
density,ood,risk_rf_error_predictor,5,5,0.800324190888087,0.038077767800855894,0.9886911994465599,0.004315272014821516,0.6041314864051397,0.022687922529402226,0.2068729932164895,0.010786994610012755,0.4032275722221222,0.013937567599603117,0.9301212852169755,0.005832383558600133
density,ood,risk_scalar_full,5,5,0.8420684382500548,0.02637552458475418,0.9916753061435457,0.0019350920445375985,0.433432535518987,0.019877026644571937,0.1290371660097855,0.008160414011700395,0.30361518760400835,0.012645270128933725,0.9249214821032243,0.006053980419249042
density,ood,risk_uncertainty_only,5,5,0.5122968150387079,0.03911363184399276,0.968617463104135,0.00349109055867785,0.6784522639533866,0.012350979716166142,0.24272381444182103,0.006107759518537149,0.4545522373585301,0.008487106709494341,0.9637415869605561,0.00623183115059029
density,ood,risk_validation_knn_error,5,5,0.7939896255223372,0.05645482005743093,0.9895409209370042,0.0037597615303386995,1.239621905613316,0.0750524593674969,0.4434229960708292,0.020998959026814208,0.6297265972413338,0.0157754453242314,0.9320639744090876,0.008549286855035742
hof,id,risk_knn_tanimoto,5,5,0.5971653630858941,0.012339013471798293,0.24257631480102732,0.026355425772719474,1.0840413341621156,0.042774984532041496,0.3332015663370956,0.005014655769286967,0.3922402759495395,0.01958837431225218,0.15370954880948545,0.018769471298408086
hof,id,risk_mahalanobis,5,5,0.45992739831129104,0.02054139152628408,0.17588431760625423,0.019100357638295457,0.8761880384748123,0.021427604848294906,0.2832984571223328,0.00408678089452574,0.30614005983590553,0.01671475438415512,0.21044172616574688,0.027562149981124634
hof,id,risk_mara,5,5,0.6078711476136618,0.026755493838283316,0.2710024859020594,0.02792155958252203,0.47812181770190154,0.033071104270401205,0.15181940802296945,0.013753304149547696,0.029331069166963097,0.009318335734451068,0.14662316658738792,0.024440378845576483
hof,id,risk_mara_rank_fusion,5,5,0.6403508720710442,0.020843899739585225,0.27980712600859986,0.021589616203828935,0.4708883929958591,0.02947041474817749,0.14986434772473264,0.012486585488644666,0.03052579848866379,0.013324493132433128,0.13406119737864902,0.016794341230002584
hof,id,risk_mara_rank_fusion_inductive_cdf,5,5,0.640829551465759,0.02064621616533692,0.2816920481211795,0.021382631619451215,0.4707092441581106,0.029727201162486245,0.14978400891609822,0.012586503451752698,0.02940958851151428,0.01230904810803311,0.1336278359772835,0.016626163512201426
hof,id,risk_rank_fusion_inductive_without_mara,5,5,0.6477949155105029,0.021446270189217336,0.28462559474013427,0.025687547472984636,0.4682507504226897,0.028476794444017572,0.14901227652871205,0.012299468066264438,0.028366495066699172,0.012525054742372518,0.13106103732656166,0.015588177232913482
hof,id,risk_rf_error_predictor,5,5,0.6065244610800524,0.019309116619202815,0.2642721492524302,0.03169879473566961,0.5801383888446336,0.014723237574559962,0.19674188132089918,0.006726907195450067,0.1994860176355036,0.01668212616058968,0.1483381960106241,0.020939374130861815
hof,id,risk_scalar_full,5,5,0.6274375463986809,0.023097578711874386,0.2876538797604214,0.02780751350043596,0.6684012947086667,0.010314930160855716,0.23789593186492156,0.004844057326552968,0.2931252320811839,0.01840299126272627,0.14036224337100328,0.023432221804087192
hof,id,risk_uncertainty_only,5,5,0.5953182090240869,0.04382439235761814,0.2630775758167022,0.03863209838784157,0.6833446658419364,0.01171939829359956,0.24500043250715903,0.005768261739484483,0.3048592169676866,0.01939121488680763,0.15663645047785288,0.03236877955154243
hof,id,risk_validation_knn_error,5,5,0.624504331386006,0.04343006289545606,0.2799661695165274,0.057429572358349674,0.6039045657034376,0.059266918935570824,0.15459948172284962,0.012074714415847749,0.04732462162838534,0.014161575726386834,0.1413159310047894,0.02369834903226671
hof,ood,risk_knn_tanimoto,5,5,0.592239796714071,0.02206094750454773,0.9155183810370857,0.007172749207253878,0.5917410526257987,0.02383175861209805,0.1645039126062237,0.0040615318678011705,0.17243988727267237,0.004962924021805219,0.8520016928236395,0.010767716042844858
hof,ood,risk_mahalanobis,5,5,0.5687245782201714,0.017300592693994983,0.9070839337298381,0.005686189861219907,0.8794403446875428,0.022413422118058825,0.28031521957170624,0.004289764738147954,0.36513541684359146,0.006545089670413024,0.8596037459020268,0.010342320338193553
hof,ood,risk_mara,5,5,0.6325559668781192,0.007776940444921246,0.9229096500735252,0.004238942916024537,1.2835780550633338,0.03196357052227136,0.5045440730868944,0.014461248178591386,0.630861798134948,0.013774075687905578,0.8381447514650657,0.007696936605697493
hof,ood,risk_mara_rank_fusion,5,5,0.6705749148867579,0.016749430892388496,0.9309411165485046,0.0046448242636654815,1.2143227467797892,0.023207324318615028,0.4720874353440399,0.009836369360740888,0.6061049093098299,0.01049901363134271,0.8251318548583484,0.009079472727120922
hof,ood,risk_mara_rank_fusion_inductive_cdf,5,5,0.6707706136301914,0.016563968454270012,0.9309263601054676,0.004929279630734978,1.2208027768869076,0.020096881772464065,0.47591121068747577,0.00802398446320732,0.6093809559108048,0.008975803681481771,0.8251611590044424,0.008917954510888256
hof,ood,risk_rank_fusion_inductive_without_mara,5,5,0.6778661826869102,0.018960488201185035,0.932049822744619,0.004781747680465514,1.2226082955457251,0.02148122381610588,0.47790580370407526,0.008570495364303609,0.6115468608671654,0.009317855925427405,0.8222148840603136,0.009554623012385305
hof,ood,risk_rf_error_predictor,5,5,0.606662599051363,0.023143150608180015,0.9118268850226767,0.005349268340596064,0.7672118762697221,0.015396640574201766,0.283638831545886,0.0075272424639475765,0.41279612265885224,0.011849966302999693,0.8430976283459429,0.009267289889959455
hof,ood,risk_scalar_full,5,5,0.6369979934009196,0.009038976614141714,0.9222091974816194,0.005333253309420994,0.6110461403106473,0.012426166519287298,0.21018939737451822,0.00573106981482221,0.3189047024076504,0.013746005959849126,0.835535119873593,0.007266229458856795
hof,ood,risk_uncertainty_only,5,5,0.6059381914640974,0.025748817820596594,0.9120898312953198,0.009890345533070308,0.6607720516520323,0.006844319663457579,0.23424599034167182,0.0032219494842399094,0.35554480361581453,0.00799589968930088,0.8448466234018308,0.006678999855343983
hof,ood,risk_validation_knn_error,5,5,0.7040984981690938,0.018685479791102577,0.9333653373102541,0.006924354022361086,1.8064134795292552,0.11225131559662925,0.5178843629136399,0.018383974431643035,0.6402604682479714,0.015433155275899795,0.8097239973913082,0.008908510902509844
